combination,tradingsymbol,weight (%),avg_quarterly_return_pct
"BAJFINANCE, SUNPHARMA, ABCAPITAL, BANKBARODA, UNIONBANK",BAJFINANCE,1.0,1.2017154609981509
"BAJFINANCE, SUNPHARMA, ABCAPITAL, BANKBARODA, UNIONBANK",SUNPHARMA,1.0,1.2017154609981509
"BAJFINANCE, SUNPHARMA, ABCAPITAL, BANKBARODA, UNIONBANK",ABCAPITAL,1.0000000000000058,1.2017154609981509
"BAJFINANCE, SUNPHARMA, ABCAPITAL, BANKBARODA, UNIONBANK",BANKBARODA,1.0000000000000002,1.2017154609981509
"BAJFINANCE, SUNPHARMA, ABCAPITAL, BANKBARODA, UNIONBANK",UNIONBANK,96.00000000000001,1.2017154609981509
"BAJFINANCE, SUNPHARMA, ABCAPITAL, BANKBARODA, SUNLITE",BAJFINANCE,1.0,2.054554685318031
"BAJFINANCE, SUNPHARMA, ABCAPITAL, BANKBARODA, SUNLITE",SUNPHARMA,1.000000000000006,2.054554685318031
"BAJFINANCE, SUNPHARMA, ABCAPITAL, BANKBARODA, SUNLITE",ABCAPITAL,1.0,2.054554685318031
"BAJFINANCE, SUNPHARMA, ABCAPITAL, BANKBARODA, SUNLITE",BANKBARODA,1.0000000000000009,2.054554685318031
"BAJFINANCE, SUNPHARMA, ABCAPITAL, BANKBARODA, SUNLITE",SUNLITE,96.0,2.054554685318031
"BAJFINANCE, SUNPHARMA, ABCAPITAL, UNIONBANK, CANBK",BAJFINANCE,1.0,1.211672033294775
"BAJFINANCE, SUNPHARMA, ABCAPITAL, UNIONBANK, CANBK",SUNPHARMA,1.0,1.211672033294775
"BAJFINANCE, SUNPHARMA, ABCAPITAL, UNIONBANK, CANBK",ABCAPITAL,1.0000000000000075,1.211672033294775
"BAJFINANCE, SUNPHARMA, ABCAPITAL, UNIONBANK, CANBK",UNIONBANK,96.0,1.211672033294775
"BAJFINANCE, SUNPHARMA, ABCAPITAL, UNIONBANK, CANBK",CANBK,1.0000000000000093,1.211672033294775
"BAJFINANCE, SUNPHARMA, ABCAPITAL, UNIONBANK, PRECWIRE",BAJFINANCE,1.0,1.1783314345930314
"BAJFINANCE, SUNPHARMA, ABCAPITAL, UNIONBANK, PRECWIRE",SUNPHARMA,1.0,1.1783314345930314
"BAJFINANCE, SUNPHARMA, ABCAPITAL, UNIONBANK, PRECWIRE",ABCAPITAL,1.0000000000000544,1.1783314345930314
"BAJFINANCE, SUNPHARMA, ABCAPITAL, UNIONBANK, PRECWIRE",UNIONBANK,95.99999999999996,1.1783314345930314
"BAJFINANCE, SUNPHARMA, ABCAPITAL, UNIONBANK, PRECWIRE",PRECWIRE,1.0,1.1783314345930314
"BAJFINANCE, SUNPHARMA, ABCAPITAL, UNIONBANK, SUNLITE",BAJFINANCE,1.0,2.048818268222992
"BAJFINANCE, SUNPHARMA, ABCAPITAL, UNIONBANK, SUNLITE",SUNPHARMA,1.0000000000000144,2.048818268222992
"BAJFINANCE, SUNPHARMA, ABCAPITAL, UNIONBANK, SUNLITE",ABCAPITAL,1.0,2.048818268222992
"BAJFINANCE, SUNPHARMA, ABCAPITAL, UNIONBANK, SUNLITE",UNIONBANK,1.0000000000000182,2.048818268222992
"BAJFINANCE, SUNPHARMA, ABCAPITAL, UNIONBANK, SUNLITE",SUNLITE,95.99999999999999,2.048818268222992
"BAJFINANCE, SUNPHARMA, ABCAPITAL, CANBK, PRECWIRE",BAJFINANCE,1.0,0.47200475793778995
"BAJFINANCE, SUNPHARMA, ABCAPITAL, CANBK, PRECWIRE",SUNPHARMA,1.0000000000000335,0.47200475793778995
"BAJFINANCE, SUNPHARMA, ABCAPITAL, CANBK, PRECWIRE",ABCAPITAL,1.0000000000000009,0.47200475793778995
"BAJFINANCE, SUNPHARMA, ABCAPITAL, CANBK, PRECWIRE",CANBK,96.00000000000024,0.47200475793778995
"BAJFINANCE, SUNPHARMA, ABCAPITAL, CANBK, PRECWIRE",PRECWIRE,1.0,0.47200475793778995
"BAJFINANCE, SUNPHARMA, ABCAPITAL, CANBK, SUNLITE",BAJFINANCE,1.0000000000000009,2.0437850616934887
"BAJFINANCE, SUNPHARMA, ABCAPITAL, CANBK, SUNLITE",SUNPHARMA,1.0000000000000147,2.0437850616934887
"BAJFINANCE, SUNPHARMA, ABCAPITAL, CANBK, SUNLITE",ABCAPITAL,1.0000000000000093,2.0437850616934887
"BAJFINANCE, SUNPHARMA, ABCAPITAL, CANBK, SUNLITE",CANBK,1.0000000000000147,2.0437850616934887
"BAJFINANCE, SUNPHARMA, ABCAPITAL, CANBK, SUNLITE",SUNLITE,96.0,2.0437850616934887
"BAJFINANCE, SUNPHARMA, ABCAPITAL, PRECWIRE, SUNLITE",BAJFINANCE,1.0000000000000286,2.018596380642525
"BAJFINANCE, SUNPHARMA, ABCAPITAL, PRECWIRE, SUNLITE",SUNPHARMA,1.0000000000000009,2.018596380642525
"BAJFINANCE, SUNPHARMA, ABCAPITAL, PRECWIRE, SUNLITE",ABCAPITAL,1.000000000000023,2.018596380642525
"BAJFINANCE, SUNPHARMA, ABCAPITAL, PRECWIRE, SUNLITE",PRECWIRE,1.0000000000000009,2.018596380642525
"BAJFINANCE, SUNPHARMA, ABCAPITAL, PRECWIRE, SUNLITE",SUNLITE,96.0,2.018596380642525
"BAJFINANCE, SUNPHARMA, ABCAPITAL, SUNLITE, MWL",BAJFINANCE,1.0000000000000397,1.2052990583534964
"BAJFINANCE, SUNPHARMA, ABCAPITAL, SUNLITE, MWL",SUNPHARMA,1.0000000000000009,1.2052990583534964
"BAJFINANCE, SUNPHARMA, ABCAPITAL, SUNLITE, MWL",ABCAPITAL,1.0000000000000369,1.2052990583534964
"BAJFINANCE, SUNPHARMA, ABCAPITAL, SUNLITE, MWL",SUNLITE,96.00000000000004,1.2052990583534964
"BAJFINANCE, SUNPHARMA, ABCAPITAL, SUNLITE, MWL",MWL,1.0000000000000009,1.2052990583534964
"BAJFINANCE, SUNPHARMA, ABCAPITAL, SUNLITE, BIOCON",BAJFINANCE,1.0,2.0643819441097166
"BAJFINANCE, SUNPHARMA, ABCAPITAL, SUNLITE, BIOCON",SUNPHARMA,1.0,2.0643819441097166
"BAJFINANCE, SUNPHARMA, ABCAPITAL, SUNLITE, BIOCON",ABCAPITAL,1.0000000000000058,2.0643819441097166
"BAJFINANCE, SUNPHARMA, ABCAPITAL, SUNLITE, BIOCON",SUNLITE,96.0,2.0643819441097166
"BAJFINANCE, SUNPHARMA, ABCAPITAL, SUNLITE, BIOCON",BIOCON,1.0000000000000009,2.0643819441097166
"BAJFINANCE, SUNPHARMA, BANKBARODA, UNIONBANK, CANBK",BAJFINANCE,1.000000000000009,1.2168744487068097
"BAJFINANCE, SUNPHARMA, BANKBARODA, UNIONBANK, CANBK",SUNPHARMA,1.0000000000000069,1.2168744487068097
"BAJFINANCE, SUNPHARMA, BANKBARODA, UNIONBANK, CANBK",BANKBARODA,1.0000000000000009,1.2168744487068097
"BAJFINANCE, SUNPHARMA, BANKBARODA, UNIONBANK, CANBK",UNIONBANK,96.00000000000001,1.2168744487068097
"BAJFINANCE, SUNPHARMA, BANKBARODA, UNIONBANK, CANBK",CANBK,1.0000000000000009,1.2168744487068097
"BAJFINANCE, SUNPHARMA, BANKBARODA, UNIONBANK, PRECWIRE",BAJFINANCE,1.000000000000009,1.183500022660867
"BAJFINANCE, SUNPHARMA, BANKBARODA, UNIONBANK, PRECWIRE",SUNPHARMA,1.0,1.183500022660867
"BAJFINANCE, SUNPHARMA, BANKBARODA, UNIONBANK, PRECWIRE",BANKBARODA,1.0000000000000009,1.183500022660867
"BAJFINANCE, SUNPHARMA, BANKBARODA, UNIONBANK, PRECWIRE",UNIONBANK,96.00000000000001,1.183500022660867
"BAJFINANCE, SUNPHARMA, BANKBARODA, UNIONBANK, PRECWIRE",PRECWIRE,1.0000000000000158,1.183500022660867
"BAJFINANCE, SUNPHARMA, BANKBARODA, UNIONBANK, SUNLITE",BAJFINANCE,1.0,2.0610121548934215
"BAJFINANCE, SUNPHARMA, BANKBARODA, UNIONBANK, SUNLITE",SUNPHARMA,1.0,2.0610121548934215
"BAJFINANCE, SUNPHARMA, BANKBARODA, UNIONBANK, SUNLITE",BANKBARODA,1.0000000000000093,2.0610121548934215
"BAJFINANCE, SUNPHARMA, BANKBARODA, UNIONBANK, SUNLITE",UNIONBANK,1.0000000000000115,2.0610121548934215
"BAJFINANCE, SUNPHARMA, BANKBARODA, UNIONBANK, SUNLITE",SUNLITE,95.99999999999999,2.0610121548934215
"BAJFINANCE, SUNPHARMA, BANKBARODA, CANBK, SUNLITE",BAJFINANCE,1.0,2.0559092926611218
"BAJFINANCE, SUNPHARMA, BANKBARODA, CANBK, SUNLITE",SUNPHARMA,1.0,2.0559092926611218
"BAJFINANCE, SUNPHARMA, BANKBARODA, CANBK, SUNLITE",BANKBARODA,1.0000000000000064,2.0559092926611218
"BAJFINANCE, SUNPHARMA, BANKBARODA, CANBK, SUNLITE",CANBK,1.00000000000001,2.0559092926611218
"BAJFINANCE, SUNPHARMA, BANKBARODA, CANBK, SUNLITE",SUNLITE,96.0,2.0559092926611218
"BAJFINANCE, SUNPHARMA, BANKBARODA, PRECWIRE, SUNLITE",BAJFINANCE,1.0000000000000044,2.0306359373044054
"BAJFINANCE, SUNPHARMA, BANKBARODA, PRECWIRE, SUNLITE",SUNPHARMA,1.000000000000005,2.0306359373044054
"BAJFINANCE, SUNPHARMA, BANKBARODA, PRECWIRE, SUNLITE",BANKBARODA,1.0000000000000002,2.0306359373044054
"BAJFINANCE, SUNPHARMA, BANKBARODA, PRECWIRE, SUNLITE",PRECWIRE,1.0,2.0306359373044054
"BAJFINANCE, SUNPHARMA, BANKBARODA, PRECWIRE, SUNLITE",SUNLITE,96.00000000000001,2.0306359373044054
"BAJFINANCE, SUNPHARMA, BANKBARODA, SUNLITE, MWL",BAJFINANCE,1.000000000000198,1.2265526616754154
"BAJFINANCE, SUNPHARMA, BANKBARODA, SUNLITE, MWL",SUNPHARMA,1.0000000000000009,1.2265526616754154
"BAJFINANCE, SUNPHARMA, BANKBARODA, SUNLITE, MWL",BANKBARODA,1.0000000000000009,1.2265526616754154
"BAJFINANCE, SUNPHARMA, BANKBARODA, SUNLITE, MWL",SUNLITE,95.99999999999984,1.2265526616754154
"BAJFINANCE, SUNPHARMA, BANKBARODA, SUNLITE, MWL",MWL,1.000000000000173,1.2265526616754154
"BAJFINANCE, SUNPHARMA, BANKBARODA, SUNLITE, BIOCON",BAJFINANCE,1.0000000000000062,2.076579769647713
"BAJFINANCE, SUNPHARMA, BANKBARODA, SUNLITE, BIOCON",SUNPHARMA,1.0,2.076579769647713
"BAJFINANCE, SUNPHARMA, BANKBARODA, SUNLITE, BIOCON",BANKBARODA,1.0,2.076579769647713
"BAJFINANCE, SUNPHARMA, BANKBARODA, SUNLITE, BIOCON",SUNLITE,96.00000000000001,2.076579769647713
"BAJFINANCE, SUNPHARMA, BANKBARODA, SUNLITE, BIOCON",BIOCON,1.000000000000012,2.076579769647713
"BAJFINANCE, SUNPHARMA, UNIONBANK, CANBK, PRECWIRE",BAJFINANCE,1.000000000000013,1.1934862059274107
"BAJFINANCE, SUNPHARMA, UNIONBANK, CANBK, PRECWIRE",SUNPHARMA,1.000000000000002,1.1934862059274107
"BAJFINANCE, SUNPHARMA, UNIONBANK, CANBK, PRECWIRE",UNIONBANK,96.0,1.1934862059274107
"BAJFINANCE, SUNPHARMA, UNIONBANK, CANBK, PRECWIRE",CANBK,1.0000000000000009,1.1934862059274107
"BAJFINANCE, SUNPHARMA, UNIONBANK, CANBK, PRECWIRE",PRECWIRE,1.0,1.1934862059274107
"BAJFINANCE, SUNPHARMA, UNIONBANK, CANBK, SUNLITE",BAJFINANCE,1.0,2.0501638667965434
"BAJFINANCE, SUNPHARMA, UNIONBANK, CANBK, SUNLITE",SUNPHARMA,1.0,2.0501638667965434
"BAJFINANCE, SUNPHARMA, UNIONBANK, CANBK, SUNLITE",UNIONBANK,1.0000000000000244,2.0501638667965434
"BAJFINANCE, SUNPHARMA, UNIONBANK, CANBK, SUNLITE",CANBK,1.0000000000000033,2.0501638667965434
"BAJFINANCE, SUNPHARMA, UNIONBANK, CANBK, SUNLITE",SUNLITE,95.99999999999997,2.0501638667965434
"BAJFINANCE, SUNPHARMA, UNIONBANK, PRECWIRE, SUNLITE",BAJFINANCE,1.0,2.0248840929021643
"BAJFINANCE, SUNPHARMA, UNIONBANK, PRECWIRE, SUNLITE",SUNPHARMA,1.0,2.0248840929021643
"BAJFINANCE, SUNPHARMA, UNIONBANK, PRECWIRE, SUNLITE",UNIONBANK,1.0000000000000107,2.0248840929021643
"BAJFINANCE, SUNPHARMA, UNIONBANK, PRECWIRE, SUNLITE",PRECWIRE,1.0000000000000007,2.0248840929021643
"BAJFINANCE, SUNPHARMA, UNIONBANK, PRECWIRE, SUNLITE",SUNLITE,95.99999999999999,2.0248840929021643
"BAJFINANCE, SUNPHARMA, UNIONBANK, SUNLITE, MWL",BAJFINANCE,1.0000000000000924,1.2269746159255301
"BAJFINANCE, SUNPHARMA, UNIONBANK, SUNLITE, MWL",SUNPHARMA,1.0000000000000009,1.2269746159255301
"BAJFINANCE, SUNPHARMA, UNIONBANK, SUNLITE, MWL",UNIONBANK,1.0000000000000009,1.2269746159255301
"BAJFINANCE, SUNPHARMA, UNIONBANK, SUNLITE, MWL",SUNLITE,95.99999999999997,1.2269746159255301
"BAJFINANCE, SUNPHARMA, UNIONBANK, SUNLITE, MWL",MWL,1.0000000000000842,1.2269746159255301
"BAJFINANCE, SUNPHARMA, UNIONBANK, SUNLITE, BIOCON",BAJFINANCE,1.0,2.070887181506059
"BAJFINANCE, SUNPHARMA, UNIONBANK, SUNLITE, BIOCON",SUNPHARMA,1.0,2.070887181506059
"BAJFINANCE, SUNPHARMA, UNIONBANK, SUNLITE, BIOCON",UNIONBANK,1.0000000000000098,2.070887181506059
"BAJFINANCE, SUNPHARMA, UNIONBANK, SUNLITE, BIOCON",SUNLITE,95.99999999999996,2.070887181506059
"BAJFINANCE, SUNPHARMA, UNIONBANK, SUNLITE, BIOCON",BIOCON,1.0000000000000244,2.070887181506059
"BAJFINANCE, SUNPHARMA, CANBK, PRECWIRE, SUNLITE",BAJFINANCE,1.0000000000000009,2.0198766835349673
"BAJFINANCE, SUNPHARMA, CANBK, PRECWIRE, SUNLITE",SUNPHARMA,1.0000000000000147,2.0198766835349673
"BAJFINANCE, SUNPHARMA, CANBK, PRECWIRE, SUNLITE",CANBK,1.0000000000000009,2.0198766835349673
"BAJFINANCE, SUNPHARMA, CANBK, PRECWIRE, SUNLITE",PRECWIRE,1.0000000000000369,2.0198766835349673
"BAJFINANCE, SUNPHARMA, CANBK, PRECWIRE, SUNLITE",SUNLITE,96.0,2.0198766835349673
"BAJFINANCE, SUNPHARMA, CANBK, SUNLITE, MWL",BAJFINANCE,1.0000000000000009,1.2162530137496852
"BAJFINANCE, SUNPHARMA, CANBK, SUNLITE, MWL",SUNPHARMA,1.0000000000000009,1.2162530137496852
"BAJFINANCE, SUNPHARMA, CANBK, SUNLITE, MWL",CANBK,1.0000000000000064,1.2162530137496852
"BAJFINANCE, SUNPHARMA, CANBK, SUNLITE, MWL",SUNLITE,95.99999999999997,1.2162530137496852
"BAJFINANCE, SUNPHARMA, CANBK, SUNLITE, MWL",MWL,1.000000000000076,1.2162530137496852
"BAJFINANCE, SUNPHARMA, CANBK, SUNLITE, BIOCON",BAJFINANCE,1.0000000000000024,2.065748937850383
"BAJFINANCE, SUNPHARMA, CANBK, SUNLITE, BIOCON",SUNPHARMA,1.000000000000006,2.065748937850383
"BAJFINANCE, SUNPHARMA, CANBK, SUNLITE, BIOCON",CANBK,1.0,2.065748937850383
"BAJFINANCE, SUNPHARMA, CANBK, SUNLITE, BIOCON",SUNLITE,96.00000000000001,2.065748937850383
"BAJFINANCE, SUNPHARMA, CANBK, SUNLITE, BIOCON",BIOCON,1.0000000000000009,2.065748937850383
"BAJFINANCE, SUNPHARMA, PRECWIRE, SUNLITE, MWL",BAJFINANCE,1.000000000000023,1.176568300527838
"BAJFINANCE, SUNPHARMA, PRECWIRE, SUNLITE, MWL",SUNPHARMA,1.0000000000000009,1.176568300527838
"BAJFINANCE, SUNPHARMA, PRECWIRE, SUNLITE, MWL",PRECWIRE,1.0000000000000009,1.176568300527838
"BAJFINANCE, SUNPHARMA, PRECWIRE, SUNLITE, MWL",SUNLITE,96.00000000000004,1.176568300527838
"BAJFINANCE, SUNPHARMA, PRECWIRE, SUNLITE, MWL",MWL,1.0000000000000009,1.176568300527838
"BAJFINANCE, SUNPHARMA, PRECWIRE, SUNLITE, BIOCON",BAJFINANCE,1.0000000000000013,2.0404686912317542
"BAJFINANCE, SUNPHARMA, PRECWIRE, SUNLITE, BIOCON",SUNPHARMA,1.0000000000000224,2.0404686912317542
"BAJFINANCE, SUNPHARMA, PRECWIRE, SUNLITE, BIOCON",PRECWIRE,1.0,2.0404686912317542
"BAJFINANCE, SUNPHARMA, PRECWIRE, SUNLITE, BIOCON",SUNLITE,95.99999999999996,2.0404686912317542
"BAJFINANCE, SUNPHARMA, PRECWIRE, SUNLITE, BIOCON",BIOCON,1.0000000000000508,2.0404686912317542
"BAJFINANCE, SUNPHARMA, SUNLITE, MWL, BIOCON",BAJFINANCE,1.0000000000000009,1.225845687192053
"BAJFINANCE, SUNPHARMA, SUNLITE, MWL, BIOCON",SUNPHARMA,1.0000000000000009,1.225845687192053
"BAJFINANCE, SUNPHARMA, SUNLITE, MWL, BIOCON",SUNLITE,95.99999999999997,1.225845687192053
"BAJFINANCE, SUNPHARMA, SUNLITE, MWL, BIOCON",MWL,1.000000000000062,1.225845687192053
"BAJFINANCE, SUNPHARMA, SUNLITE, MWL, BIOCON",BIOCON,1.0000000000000036,1.225845687192053
"BAJFINANCE, ABCAPITAL, BANKBARODA, UNIONBANK, CANBK",BAJFINANCE,1.0000000000000238,1.2543523102863239
"BAJFINANCE, ABCAPITAL, BANKBARODA, UNIONBANK, CANBK",ABCAPITAL,1.000000000000022,1.2543523102863239
"BAJFINANCE, ABCAPITAL, BANKBARODA, UNIONBANK, CANBK",BANKBARODA,1.0000000000000009,1.2543523102863239
"BAJFINANCE, ABCAPITAL, BANKBARODA, UNIONBANK, CANBK",UNIONBANK,96.0,1.2543523102863239
"BAJFINANCE, ABCAPITAL, BANKBARODA, UNIONBANK, CANBK",CANBK,1.0000000000000009,1.2543523102863239
"BAJFINANCE, ABCAPITAL, BANKBARODA, UNIONBANK, PRECWIRE",BAJFINANCE,1.0,1.2209931099016644
"BAJFINANCE, ABCAPITAL, BANKBARODA, UNIONBANK, PRECWIRE",ABCAPITAL,1.0,1.2209931099016644
"BAJFINANCE, ABCAPITAL, BANKBARODA, UNIONBANK, PRECWIRE",BANKBARODA,1.0000000000000218,1.2209931099016644
"BAJFINANCE, ABCAPITAL, BANKBARODA, UNIONBANK, PRECWIRE",UNIONBANK,96.00000000000001,1.2209931099016644
"BAJFINANCE, ABCAPITAL, BANKBARODA, UNIONBANK, PRECWIRE",PRECWIRE,1.0,1.2209931099016644
"BAJFINANCE, ABCAPITAL, BANKBARODA, UNIONBANK, SUNLITE",BAJFINANCE,1.0000000000000062,2.046128599518876
"BAJFINANCE, ABCAPITAL, BANKBARODA, UNIONBANK, SUNLITE",ABCAPITAL,1.0,2.046128599518876
"BAJFINANCE, ABCAPITAL, BANKBARODA, UNIONBANK, SUNLITE",BANKBARODA,0.9999999999999996,2.046128599518876
"BAJFINANCE, ABCAPITAL, BANKBARODA, UNIONBANK, SUNLITE",UNIONBANK,1.0000000000000002,2.046128599518876
"BAJFINANCE, ABCAPITAL, BANKBARODA, UNIONBANK, SUNLITE",SUNLITE,96.00000000000001,2.046128599518876
"BAJFINANCE, ABCAPITAL, BANKBARODA, UNIONBANK, BIOCON",BAJFINANCE,1.0000000000000393,0.025091442442764275
"BAJFINANCE, ABCAPITAL, BANKBARODA, UNIONBANK, BIOCON",ABCAPITAL,1.0,0.025091442442764275
"BAJFINANCE, ABCAPITAL, BANKBARODA, UNIONBANK, BIOCON",BANKBARODA,1.0,0.025091442442764275
"BAJFINANCE, ABCAPITAL, BANKBARODA, UNIONBANK, BIOCON",UNIONBANK,16.477173653580266,0.025091442442764275
"BAJFINANCE, ABCAPITAL, BANKBARODA, UNIONBANK, BIOCON",BIOCON,80.52282634641969,0.025091442442764275
"BAJFINANCE, ABCAPITAL, BANKBARODA, CANBK, SUNLITE",BAJFINANCE,1.0,2.0410934918750065
"BAJFINANCE, ABCAPITAL, BANKBARODA, CANBK, SUNLITE",ABCAPITAL,1.0000000000000036,2.0410934918750065
"BAJFINANCE, ABCAPITAL, BANKBARODA, CANBK, SUNLITE",BANKBARODA,1.0000000000000009,2.0410934918750065
"BAJFINANCE, ABCAPITAL, BANKBARODA, CANBK, SUNLITE",CANBK,1.0,2.0410934918750065
"BAJFINANCE, ABCAPITAL, BANKBARODA, CANBK, SUNLITE",SUNLITE,96.00000000000001,2.0410934918750065
"BAJFINANCE, ABCAPITAL, BANKBARODA, PRECWIRE, SUNLITE",BAJFINANCE,1.000000000000003,2.0158768474278888
"BAJFINANCE, ABCAPITAL, BANKBARODA, PRECWIRE, SUNLITE",ABCAPITAL,1.0,2.0158768474278888
"BAJFINANCE, ABCAPITAL, BANKBARODA, PRECWIRE, SUNLITE",BANKBARODA,0.9999999999999996,2.0158768474278888
"BAJFINANCE, ABCAPITAL, BANKBARODA, PRECWIRE, SUNLITE",PRECWIRE,1.0000000000000098,2.0158768474278888
"BAJFINANCE, ABCAPITAL, BANKBARODA, PRECWIRE, SUNLITE",SUNLITE,96.00000000000003,2.0158768474278888
"BAJFINANCE, ABCAPITAL, BANKBARODA, SUNLITE, MWL",BAJFINANCE,1.0000000000000453,1.211283619372694
"BAJFINANCE, ABCAPITAL, BANKBARODA, SUNLITE, MWL",ABCAPITAL,1.0000000000000397,1.211283619372694
"BAJFINANCE, ABCAPITAL, BANKBARODA, SUNLITE, MWL",BANKBARODA,1.0000000000000009,1.211283619372694
"BAJFINANCE, ABCAPITAL, BANKBARODA, SUNLITE, MWL",SUNLITE,96.0,1.211283619372694
"BAJFINANCE, ABCAPITAL, BANKBARODA, SUNLITE, MWL",MWL,1.0000000000000009,1.211283619372694
"BAJFINANCE, ABCAPITAL, BANKBARODA, SUNLITE, BIOCON",BAJFINANCE,1.0,2.0617229399389463
"BAJFINANCE, ABCAPITAL, BANKBARODA, SUNLITE, BIOCON",ABCAPITAL,1.000000000000003,2.0617229399389463
"BAJFINANCE, ABCAPITAL, BANKBARODA, SUNLITE, BIOCON",BANKBARODA,1.0000000000000095,2.0617229399389463
"BAJFINANCE, ABCAPITAL, BANKBARODA, SUNLITE, BIOCON",SUNLITE,96.0,2.0617229399389463
"BAJFINANCE, ABCAPITAL, BANKBARODA, SUNLITE, BIOCON",BIOCON,1.0000000000000002,2.0617229399389463
"BAJFINANCE, ABCAPITAL, UNIONBANK, CANBK, PRECWIRE",BAJFINANCE,1.000000000000023,1.2310860482317063
"BAJFINANCE, ABCAPITAL, UNIONBANK, CANBK, PRECWIRE",ABCAPITAL,1.0,1.2310860482317063
"BAJFINANCE, ABCAPITAL, UNIONBANK, CANBK, PRECWIRE",UNIONBANK,96.00000000000009,1.2310860482317063
"BAJFINANCE, ABCAPITAL, UNIONBANK, CANBK, PRECWIRE",CANBK,1.0000000000000002,1.2310860482317063
"BAJFINANCE, ABCAPITAL, UNIONBANK, CANBK, PRECWIRE",PRECWIRE,1.0000000000000104,1.2310860482317063
"BAJFINANCE, ABCAPITAL, UNIONBANK, CANBK, SUNLITE",BAJFINANCE,1.0000000000000036,2.035335544263715
"BAJFINANCE, ABCAPITAL, UNIONBANK, CANBK, SUNLITE",ABCAPITAL,1.0000000000000069,2.035335544263715
"BAJFINANCE, ABCAPITAL, UNIONBANK, CANBK, SUNLITE",UNIONBANK,0.9999999999999996,2.035335544263715
"BAJFINANCE, ABCAPITAL, UNIONBANK, CANBK, SUNLITE",CANBK,1.000000000000004,2.035335544263715
"BAJFINANCE, ABCAPITAL, UNIONBANK, CANBK, SUNLITE",SUNLITE,96.00000000000001,2.035335544263715
"BAJFINANCE, ABCAPITAL, UNIONBANK, CANBK, BIOCON",BAJFINANCE,1.0000000000000162,0.026150445915760843
"BAJFINANCE, ABCAPITAL, UNIONBANK, CANBK, BIOCON",ABCAPITAL,1.0,0.026150445915760843
"BAJFINANCE, ABCAPITAL, UNIONBANK, CANBK, BIOCON",UNIONBANK,16.2775375637897,0.026150445915760843
"BAJFINANCE, ABCAPITAL, UNIONBANK, CANBK, BIOCON",CANBK,1.0000000000000617,0.026150445915760843
"BAJFINANCE, ABCAPITAL, UNIONBANK, CANBK, BIOCON",BIOCON,80.72246243621028,0.026150445915760843
"BAJFINANCE, ABCAPITAL, UNIONBANK, PRECWIRE, SUNLITE",BAJFINANCE,1.0,2.0101124269822024
"BAJFINANCE, ABCAPITAL, UNIONBANK, PRECWIRE, SUNLITE",ABCAPITAL,1.0000000000000058,2.0101124269822024
"BAJFINANCE, ABCAPITAL, UNIONBANK, PRECWIRE, SUNLITE",UNIONBANK,1.0000000000000286,2.0101124269822024
"BAJFINANCE, ABCAPITAL, UNIONBANK, PRECWIRE, SUNLITE",PRECWIRE,1.0,2.0101124269822024
"BAJFINANCE, ABCAPITAL, UNIONBANK, PRECWIRE, SUNLITE",SUNLITE,95.99999999999997,2.0101124269822024
"BAJFINANCE, ABCAPITAL, UNIONBANK, SUNLITE, MWL",BAJFINANCE,1.0,1.2117011755884033
"BAJFINANCE, ABCAPITAL, UNIONBANK, SUNLITE, MWL",ABCAPITAL,1.0,1.2117011755884033
"BAJFINANCE, ABCAPITAL, UNIONBANK, SUNLITE, MWL",UNIONBANK,0.9999999999999996,1.2117011755884033
"BAJFINANCE, ABCAPITAL, UNIONBANK, SUNLITE, MWL",SUNLITE,96.00000000000001,1.2117011755884033
"BAJFINANCE, ABCAPITAL, UNIONBANK, SUNLITE, MWL",MWL,1.000000000000009,1.2117011755884033
"BAJFINANCE, ABCAPITAL, UNIONBANK, SUNLITE, BIOCON",BAJFINANCE,1.0,2.0560178150181336
"BAJFINANCE, ABCAPITAL, UNIONBANK, SUNLITE, BIOCON",ABCAPITAL,1.0000000000000078,2.0560178150181336
"BAJFINANCE, ABCAPITAL, UNIONBANK, SUNLITE, BIOCON",UNIONBANK,1.0000000000000155,2.0560178150181336
"BAJFINANCE, ABCAPITAL, UNIONBANK, SUNLITE, BIOCON",SUNLITE,96.00000000000001,2.0560178150181336
"BAJFINANCE, ABCAPITAL, UNIONBANK, SUNLITE, BIOCON",BIOCON,0.9999999999999996,2.0560178150181336
"BAJFINANCE, ABCAPITAL, CANBK, PRECWIRE, SUNLITE",BAJFINANCE,1.0000000000000147,2.0051727504949546
"BAJFINANCE, ABCAPITAL, CANBK, PRECWIRE, SUNLITE",ABCAPITAL,1.0000000000000009,2.0051727504949546
"BAJFINANCE, ABCAPITAL, CANBK, PRECWIRE, SUNLITE",CANBK,1.0000000000000064,2.0051727504949546
"BAJFINANCE, ABCAPITAL, CANBK, PRECWIRE, SUNLITE",PRECWIRE,1.0000000000000064,2.0051727504949546
"BAJFINANCE, ABCAPITAL, CANBK, PRECWIRE, SUNLITE",SUNLITE,96.0,2.0051727504949546
"BAJFINANCE, ABCAPITAL, CANBK, SUNLITE, MWL",BAJFINANCE,1.0000000000000648,1.2010308969676586
"BAJFINANCE, ABCAPITAL, CANBK, SUNLITE, MWL",ABCAPITAL,1.0000000000000009,1.2010308969676586
"BAJFINANCE, ABCAPITAL, CANBK, SUNLITE, MWL",CANBK,1.0000000000000009,1.2010308969676586
"BAJFINANCE, ABCAPITAL, CANBK, SUNLITE, MWL",SUNLITE,95.99999999999996,1.2010308969676586
"BAJFINANCE, ABCAPITAL, CANBK, SUNLITE, MWL",MWL,1.0000000000000093,1.2010308969676586
"BAJFINANCE, ABCAPITAL, CANBK, SUNLITE, BIOCON",BAJFINANCE,1.0,2.050947341683222
"BAJFINANCE, ABCAPITAL, CANBK, SUNLITE, BIOCON",ABCAPITAL,1.000000000000002,2.050947341683222
"BAJFINANCE, ABCAPITAL, CANBK, SUNLITE, BIOCON",CANBK,1.000000000000006,2.050947341683222
"BAJFINANCE, ABCAPITAL, CANBK, SUNLITE, BIOCON",SUNLITE,96.0,2.050947341683222
"BAJFINANCE, ABCAPITAL, CANBK, SUNLITE, BIOCON",BIOCON,1.0000000000000009,2.050947341683222
"BAJFINANCE, ABCAPITAL, PRECWIRE, SUNLITE, MWL",BAJFINANCE,1.0000000000000315,1.1614167518549803
"BAJFINANCE, ABCAPITAL, PRECWIRE, SUNLITE, MWL",ABCAPITAL,1.0000000000000508,1.1614167518549803
"BAJFINANCE, ABCAPITAL, PRECWIRE, SUNLITE, MWL",PRECWIRE,1.0000000000000286,1.1614167518549803
"BAJFINANCE, ABCAPITAL, PRECWIRE, SUNLITE, MWL",SUNLITE,95.99999999999991,1.1614167518549803
"BAJFINANCE, ABCAPITAL, PRECWIRE, SUNLITE, MWL",MWL,1.0000000000000036,1.1614167518549803
"BAJFINANCE, ABCAPITAL, PRECWIRE, SUNLITE, BIOCON",BAJFINANCE,1.0,2.025723750772353
"BAJFINANCE, ABCAPITAL, PRECWIRE, SUNLITE, BIOCON",ABCAPITAL,1.0,2.025723750772353
"BAJFINANCE, ABCAPITAL, PRECWIRE, SUNLITE, BIOCON",PRECWIRE,1.0000000000000242,2.025723750772353
"BAJFINANCE, ABCAPITAL, PRECWIRE, SUNLITE, BIOCON",SUNLITE,96.00000000000003,2.025723750772353
"BAJFINANCE, ABCAPITAL, PRECWIRE, SUNLITE, BIOCON",BIOCON,1.0000000000000009,2.025723750772353
"BAJFINANCE, ABCAPITAL, SUNLITE, MWL, BIOCON",BAJFINANCE,1.0000000000000009,1.2105972993459593
"BAJFINANCE, ABCAPITAL, SUNLITE, MWL, BIOCON",ABCAPITAL,1.0000000000000175,1.2105972993459593
"BAJFINANCE, ABCAPITAL, SUNLITE, MWL, BIOCON",SUNLITE,96.00000000000009,1.2105972993459593
"BAJFINANCE, ABCAPITAL, SUNLITE, MWL, BIOCON",MWL,1.0000000000000009,1.2105972993459593
"BAJFINANCE, ABCAPITAL, SUNLITE, MWL, BIOCON",BIOCON,1.0000000000000064,1.2105972993459593
"BAJFINANCE, BANKBARODA, UNIONBANK, CANBK, PRECWIRE",BAJFINANCE,1.0,1.2361275276721737
"BAJFINANCE, BANKBARODA, UNIONBANK, CANBK, PRECWIRE",BANKBARODA,1.000000000000074,1.2361275276721737
"BAJFINANCE, BANKBARODA, UNIONBANK, CANBK, PRECWIRE",UNIONBANK,95.99999999999996,1.2361275276721737
"BAJFINANCE, BANKBARODA, UNIONBANK, CANBK, PRECWIRE",CANBK,1.0000000000000269,1.2361275276721737
"BAJFINANCE, BANKBARODA, UNIONBANK, CANBK, PRECWIRE",PRECWIRE,1.0,1.2361275276721737
"BAJFINANCE, BANKBARODA, UNIONBANK, CANBK, SUNLITE",BAJFINANCE,1.0,2.0474479455595533
"BAJFINANCE, BANKBARODA, UNIONBANK, CANBK, SUNLITE",BANKBARODA,1.0000000000000004,2.0474479455595533
"BAJFINANCE, BANKBARODA, UNIONBANK, CANBK, SUNLITE",UNIONBANK,1.0000000000000109,2.0474479455595533
"BAJFINANCE, BANKBARODA, UNIONBANK, CANBK, SUNLITE",CANBK,1.000000000000004,2.0474479455595533
"BAJFINANCE, BANKBARODA, UNIONBANK, CANBK, SUNLITE",SUNLITE,95.99999999999999,2.0474479455595533
"BAJFINANCE, BANKBARODA, UNIONBANK, CANBK, BIOCON",BAJFINANCE,1.0000000000000069,0.03548847932311472
"BAJFINANCE, BANKBARODA, UNIONBANK, CANBK, BIOCON",BANKBARODA,1.0,0.03548847932311472
"BAJFINANCE, BANKBARODA, UNIONBANK, CANBK, BIOCON",UNIONBANK,16.91640371383258,0.03548847932311472
"BAJFINANCE, BANKBARODA, UNIONBANK, CANBK, BIOCON",CANBK,1.0,0.03548847932311472
"BAJFINANCE, BANKBARODA, UNIONBANK, CANBK, BIOCON",BIOCON,80.0835962861675,0.03548847932311472
"BAJFINANCE, BANKBARODA, UNIONBANK, PRECWIRE, SUNLITE",BAJFINANCE,1.0,2.0221401119400646
"BAJFINANCE, BANKBARODA, UNIONBANK, PRECWIRE, SUNLITE",BANKBARODA,1.0000000000000002,2.0221401119400646
"BAJFINANCE, BANKBARODA, UNIONBANK, PRECWIRE, SUNLITE",UNIONBANK,1.0000000000000064,2.0221401119400646
"BAJFINANCE, BANKBARODA, UNIONBANK, PRECWIRE, SUNLITE",PRECWIRE,1.000000000000013,2.0221401119400646
"BAJFINANCE, BANKBARODA, UNIONBANK, PRECWIRE, SUNLITE",SUNLITE,96.0,2.0221401119400646
"BAJFINANCE, BANKBARODA, UNIONBANK, SUNLITE, MWL",BAJFINANCE,1.0,1.2329432293553932
"BAJFINANCE, BANKBARODA, UNIONBANK, SUNLITE, MWL",BANKBARODA,1.0,1.2329432293553932
"BAJFINANCE, BANKBARODA, UNIONBANK, SUNLITE, MWL",UNIONBANK,1.0000000000000002,1.2329432293553932
"BAJFINANCE, BANKBARODA, UNIONBANK, SUNLITE, MWL",SUNLITE,96.00000000000001,1.2329432293553932
"BAJFINANCE, BANKBARODA, UNIONBANK, SUNLITE, MWL",MWL,1.0000000000000058,1.2329432293553932
"BAJFINANCE, BANKBARODA, UNIONBANK, SUNLITE, BIOCON",BAJFINANCE,1.0000000000000093,2.068203769686046
"BAJFINANCE, BANKBARODA, UNIONBANK, SUNLITE, BIOCON",BANKBARODA,1.0,2.068203769686046
"BAJFINANCE, BANKBARODA, UNIONBANK, SUNLITE, BIOCON",UNIONBANK,1.0,2.068203769686046
"BAJFINANCE, BANKBARODA, UNIONBANK, SUNLITE, BIOCON",SUNLITE,96.00000000000001,2.068203769686046
"BAJFINANCE, BANKBARODA, UNIONBANK, SUNLITE, BIOCON",BIOCON,1.0000000000000002,2.068203769686046
"BAJFINANCE, BANKBARODA, CANBK, PRECWIRE, SUNLITE",BAJFINANCE,1.0,2.0171307632373905
"BAJFINANCE, BANKBARODA, CANBK, PRECWIRE, SUNLITE",BANKBARODA,1.0000000000000453,2.0171307632373905
"BAJFINANCE, BANKBARODA, CANBK, PRECWIRE, SUNLITE",CANBK,1.0000000000000169,2.0171307632373905
"BAJFINANCE, BANKBARODA, CANBK, PRECWIRE, SUNLITE",PRECWIRE,1.0,2.0171307632373905
"BAJFINANCE, BANKBARODA, CANBK, PRECWIRE, SUNLITE",SUNLITE,95.99999999999999,2.0171307632373905
"BAJFINANCE, BANKBARODA, CANBK, SUNLITE, MWL",BAJFINANCE,1.0,1.2222084254699874
"BAJFINANCE, BANKBARODA, CANBK, SUNLITE, MWL",BANKBARODA,1.0000000000000002,1.2222084254699874
"BAJFINANCE, BANKBARODA, CANBK, SUNLITE, MWL",CANBK,1.0000000000000029,1.2222084254699874
"BAJFINANCE, BANKBARODA, CANBK, SUNLITE, MWL",SUNLITE,96.00000000000001,1.2222084254699874
"BAJFINANCE, BANKBARODA, CANBK, SUNLITE, MWL",MWL,1.00000000000001,1.2222084254699874
"BAJFINANCE, BANKBARODA, CANBK, SUNLITE, BIOCON",BAJFINANCE,1.0000000000000075,2.0630636519680374
"BAJFINANCE, BANKBARODA, CANBK, SUNLITE, BIOCON",BANKBARODA,1.0,2.0630636519680374
"BAJFINANCE, BANKBARODA, CANBK, SUNLITE, BIOCON",CANBK,1.0000000000000022,2.0630636519680374
"BAJFINANCE, BANKBARODA, CANBK, SUNLITE, BIOCON",SUNLITE,96.0,2.0630636519680374
"BAJFINANCE, BANKBARODA, CANBK, SUNLITE, BIOCON",BIOCON,1.0000000000000002,2.0630636519680374
"BAJFINANCE, BANKBARODA, PRECWIRE, SUNLITE, MWL",BAJFINANCE,1.0000000000001537,1.1824985369288978
"BAJFINANCE, BANKBARODA, PRECWIRE, SUNLITE, MWL",BANKBARODA,1.0000000000000009,1.1824985369288978
"BAJFINANCE, BANKBARODA, PRECWIRE, SUNLITE, MWL",PRECWIRE,1.0000000000000009,1.1824985369288978
"BAJFINANCE, BANKBARODA, PRECWIRE, SUNLITE, MWL",SUNLITE,95.99999999999984,1.1824985369288978
"BAJFINANCE, BANKBARODA, PRECWIRE, SUNLITE, MWL",MWL,1.0000000000000924,1.1824985369288978
"BAJFINANCE, BANKBARODA, PRECWIRE, SUNLITE, BIOCON",BAJFINANCE,1.0,2.0377553432233704
"BAJFINANCE, BANKBARODA, PRECWIRE, SUNLITE, BIOCON",BANKBARODA,1.0,2.0377553432233704
"BAJFINANCE, BANKBARODA, PRECWIRE, SUNLITE, BIOCON",PRECWIRE,1.0000000000000053,2.0377553432233704
"BAJFINANCE, BANKBARODA, PRECWIRE, SUNLITE, BIOCON",SUNLITE,95.99999999999999,2.0377553432233704
"BAJFINANCE, BANKBARODA, PRECWIRE, SUNLITE, BIOCON",BIOCON,1.0000000000000258,2.0377553432233704
"BAJFINANCE, BANKBARODA, SUNLITE, MWL, BIOCON",BAJFINANCE,1.0000000000000842,1.2318477751747103
"BAJFINANCE, BANKBARODA, SUNLITE, MWL, BIOCON",BANKBARODA,1.0000000000000009,1.2318477751747103
"BAJFINANCE, BANKBARODA, SUNLITE, MWL, BIOCON",SUNLITE,95.99999999999993,1.2318477751747103
"BAJFINANCE, BANKBARODA, SUNLITE, MWL, BIOCON",MWL,1.0000000000001508,1.2318477751747103
"BAJFINANCE, BANKBARODA, SUNLITE, MWL, BIOCON",BIOCON,1.0000000000000009,1.2318477751747103
"BAJFINANCE, UNIONBANK, CANBK, PRECWIRE, SUNLITE",BAJFINANCE,1.0,2.0113573951136483
"BAJFINANCE, UNIONBANK, CANBK, PRECWIRE, SUNLITE",UNIONBANK,1.0000000000000064,2.0113573951136483
"BAJFINANCE, UNIONBANK, CANBK, PRECWIRE, SUNLITE",CANBK,1.0000000000000115,2.0113573951136483
"BAJFINANCE, UNIONBANK, CANBK, PRECWIRE, SUNLITE",PRECWIRE,1.0,2.0113573951136483
"BAJFINANCE, UNIONBANK, CANBK, PRECWIRE, SUNLITE",SUNLITE,96.0,2.0113573951136483
"BAJFINANCE, UNIONBANK, CANBK, SUNLITE, MWL",BAJFINANCE,1.000000000000004,1.222634259115124
"BAJFINANCE, UNIONBANK, CANBK, SUNLITE, MWL",UNIONBANK,1.0000000000000036,1.222634259115124
"BAJFINANCE, UNIONBANK, CANBK, SUNLITE, MWL",CANBK,1.0,1.222634259115124
"BAJFINANCE, UNIONBANK, CANBK, SUNLITE, MWL",SUNLITE,96.00000000000001,1.222634259115124
"BAJFINANCE, UNIONBANK, CANBK, SUNLITE, MWL",MWL,1.0,1.222634259115124
"BAJFINANCE, UNIONBANK, CANBK, SUNLITE, BIOCON",BAJFINANCE,1.0000000000000036,2.057349502680465
"BAJFINANCE, UNIONBANK, CANBK, SUNLITE, BIOCON",UNIONBANK,1.0000000000000029,2.057349502680465
"BAJFINANCE, UNIONBANK, CANBK, SUNLITE, BIOCON",CANBK,1.0,2.057349502680465
"BAJFINANCE, UNIONBANK, CANBK, SUNLITE, BIOCON",SUNLITE,96.0,2.057349502680465
"BAJFINANCE, UNIONBANK, CANBK, SUNLITE, BIOCON",BIOCON,0.9999999999999996,2.057349502680465
"BAJFINANCE, UNIONBANK, PRECWIRE, SUNLITE, MWL",BAJFINANCE,1.0000000000000115,1.1828996351882912
"BAJFINANCE, UNIONBANK, PRECWIRE, SUNLITE, MWL",UNIONBANK,0.9999999999999996,1.1828996351882912
"BAJFINANCE, UNIONBANK, PRECWIRE, SUNLITE, MWL",PRECWIRE,1.0000000000000575,1.1828996351882912
"BAJFINANCE, UNIONBANK, PRECWIRE, SUNLITE, MWL",SUNLITE,95.99999999999997,1.1828996351882912
"BAJFINANCE, UNIONBANK, PRECWIRE, SUNLITE, MWL",MWL,1.0000000000000075,1.1828996351882912
"BAJFINANCE, UNIONBANK, PRECWIRE, SUNLITE, BIOCON",BAJFINANCE,1.0,2.0320348477942103
"BAJFINANCE, UNIONBANK, PRECWIRE, SUNLITE, BIOCON",UNIONBANK,1.000000000000012,2.0320348477942103
"BAJFINANCE, UNIONBANK, PRECWIRE, SUNLITE, BIOCON",PRECWIRE,1.0000000000000036,2.0320348477942103
"BAJFINANCE, UNIONBANK, PRECWIRE, SUNLITE, BIOCON",SUNLITE,96.00000000000001,2.0320348477942103
"BAJFINANCE, UNIONBANK, PRECWIRE, SUNLITE, BIOCON",BIOCON,0.9999999999999996,2.0320348477942103
"BAJFINANCE, UNIONBANK, SUNLITE, MWL, BIOCON",BAJFINANCE,1.0000000000000084,1.2323067177652156
"BAJFINANCE, UNIONBANK, SUNLITE, MWL, BIOCON",UNIONBANK,1.0000000000000002,1.2323067177652156
"BAJFINANCE, UNIONBANK, SUNLITE, MWL, BIOCON",SUNLITE,96.00000000000006,1.2323067177652156
"BAJFINANCE, UNIONBANK, SUNLITE, MWL, BIOCON",MWL,1.0000000000000075,1.2323067177652156
"BAJFINANCE, UNIONBANK, SUNLITE, MWL, BIOCON",BIOCON,1.0,1.2323067177652156
"BAJFINANCE, CANBK, PRECWIRE, SUNLITE, MWL",BAJFINANCE,1.0000000000000204,1.172248254088263
"BAJFINANCE, CANBK, PRECWIRE, SUNLITE, MWL",CANBK,1.0000000000000093,1.172248254088263
"BAJFINANCE, CANBK, PRECWIRE, SUNLITE, MWL",PRECWIRE,1.0000000000000036,1.172248254088263
"BAJFINANCE, CANBK, PRECWIRE, SUNLITE, MWL",SUNLITE,95.99999999999986,1.172248254088263
"BAJFINANCE, CANBK, PRECWIRE, SUNLITE, MWL",MWL,1.0000000000001008,1.172248254088263
"BAJFINANCE, CANBK, PRECWIRE, SUNLITE, BIOCON",BAJFINANCE,1.0,2.026990085890949
"BAJFINANCE, CANBK, PRECWIRE, SUNLITE, BIOCON",CANBK,1.0,2.026990085890949
"BAJFINANCE, CANBK, PRECWIRE, SUNLITE, BIOCON",PRECWIRE,1.0,2.026990085890949
"BAJFINANCE, CANBK, PRECWIRE, SUNLITE, BIOCON",SUNLITE,96.00000000000001,2.026990085890949
"BAJFINANCE, CANBK, PRECWIRE, SUNLITE, BIOCON",BIOCON,1.0000000000000204,2.026990085890949
"BAJFINANCE, CANBK, SUNLITE, MWL, BIOCON",BAJFINANCE,1.0000000000000564,1.2215481077459436
"BAJFINANCE, CANBK, SUNLITE, MWL, BIOCON",CANBK,1.0000000000000009,1.2215481077459436
"BAJFINANCE, CANBK, SUNLITE, MWL, BIOCON",SUNLITE,95.99999999999997,1.2215481077459436
"BAJFINANCE, CANBK, SUNLITE, MWL, BIOCON",MWL,1.0000000000000648,1.2215481077459436
"BAJFINANCE, CANBK, SUNLITE, MWL, BIOCON",BIOCON,1.0000000000000009,1.2215481077459436
"BAJFINANCE, PRECWIRE, SUNLITE, MWL, BIOCON",BAJFINANCE,1.0000000000000648,1.181809336732583
"BAJFINANCE, PRECWIRE, SUNLITE, MWL, BIOCON",PRECWIRE,1.0000000000000009,1.181809336732583
"BAJFINANCE, PRECWIRE, SUNLITE, MWL, BIOCON",SUNLITE,95.99999999999996,1.181809336732583
"BAJFINANCE, PRECWIRE, SUNLITE, MWL, BIOCON",MWL,1.0000000000000453,1.181809336732583
"BAJFINANCE, PRECWIRE, SUNLITE, MWL, BIOCON",BIOCON,1.0000000000000009,1.181809336732583
"SUNPHARMA, ABCAPITAL, BANKBARODA, UNIONBANK, CANBK",SUNPHARMA,1.000000000000006,1.2413429565278573
"SUNPHARMA, ABCAPITAL, BANKBARODA, UNIONBANK, CANBK",ABCAPITAL,1.0,1.2413429565278573
"SUNPHARMA, ABCAPITAL, BANKBARODA, UNIONBANK, CANBK",BANKBARODA,1.0000000000000064,1.2413429565278573
"SUNPHARMA, ABCAPITAL, BANKBARODA, UNIONBANK, CANBK",UNIONBANK,96.0,1.2413429565278573
"SUNPHARMA, ABCAPITAL, BANKBARODA, UNIONBANK, CANBK",CANBK,1.0000000000000064,1.2413429565278573
"SUNPHARMA, ABCAPITAL, BANKBARODA, UNIONBANK, PRECWIRE",SUNPHARMA,1.0000000000000029,1.207941889582574
"SUNPHARMA, ABCAPITAL, BANKBARODA, UNIONBANK, PRECWIRE",ABCAPITAL,1.0000000000000053,1.207941889582574
"SUNPHARMA, ABCAPITAL, BANKBARODA, UNIONBANK, PRECWIRE",BANKBARODA,1.000000000000062,1.207941889582574
"SUNPHARMA, ABCAPITAL, BANKBARODA, UNIONBANK, PRECWIRE",UNIONBANK,95.99999999999996,1.207941889582574
"SUNPHARMA, ABCAPITAL, BANKBARODA, UNIONBANK, PRECWIRE",PRECWIRE,1.0,1.207941889582574
"SUNPHARMA, ABCAPITAL, BANKBARODA, UNIONBANK, SUNLITE",SUNPHARMA,1.0,2.1093728126829636
"SUNPHARMA, ABCAPITAL, BANKBARODA, UNIONBANK, SUNLITE",ABCAPITAL,1.0,2.1093728126829636
"SUNPHARMA, ABCAPITAL, BANKBARODA, UNIONBANK, SUNLITE",BANKBARODA,1.0000000000000002,2.1093728126829636
"SUNPHARMA, ABCAPITAL, BANKBARODA, UNIONBANK, SUNLITE",UNIONBANK,1.000000000000009,2.1093728126829636
"SUNPHARMA, ABCAPITAL, BANKBARODA, UNIONBANK, SUNLITE",SUNLITE,96.00000000000001,2.1093728126829636
"SUNPHARMA, ABCAPITAL, BANKBARODA, UNIONBANK, BIOCON",SUNPHARMA,1.0000000000000064,0.011688876184058419
"SUNPHARMA, ABCAPITAL, BANKBARODA, UNIONBANK, BIOCON",ABCAPITAL,1.0000000000000349,0.011688876184058419
"SUNPHARMA, ABCAPITAL, BANKBARODA, UNIONBANK, BIOCON",BANKBARODA,1.0,0.011688876184058419
"SUNPHARMA, ABCAPITAL, BANKBARODA, UNIONBANK, BIOCON",UNIONBANK,15.992693406870629,0.011688876184058419
"SUNPHARMA, ABCAPITAL, BANKBARODA, UNIONBANK, BIOCON",BIOCON,81.00730659312933,0.011688876184058419
"SUNPHARMA, ABCAPITAL, BANKBARODA, CANBK, SUNLITE",SUNPHARMA,1.0000000000000036,2.1043999737118275
"SUNPHARMA, ABCAPITAL, BANKBARODA, CANBK, SUNLITE",ABCAPITAL,1.0000000000000155,2.1043999737118275
"SUNPHARMA, ABCAPITAL, BANKBARODA, CANBK, SUNLITE",BANKBARODA,1.0000000000000036,2.1043999737118275
"SUNPHARMA, ABCAPITAL, BANKBARODA, CANBK, SUNLITE",CANBK,1.0,2.1043999737118275
"SUNPHARMA, ABCAPITAL, BANKBARODA, CANBK, SUNLITE",SUNLITE,95.99999999999997,2.1043999737118275
"SUNPHARMA, ABCAPITAL, BANKBARODA, PRECWIRE, SUNLITE",SUNPHARMA,1.0,2.079213352957865
"SUNPHARMA, ABCAPITAL, BANKBARODA, PRECWIRE, SUNLITE",ABCAPITAL,1.0,2.079213352957865
"SUNPHARMA, ABCAPITAL, BANKBARODA, PRECWIRE, SUNLITE",BANKBARODA,1.0000000000000064,2.079213352957865
"SUNPHARMA, ABCAPITAL, BANKBARODA, PRECWIRE, SUNLITE",PRECWIRE,1.0,2.079213352957865
"SUNPHARMA, ABCAPITAL, BANKBARODA, PRECWIRE, SUNLITE",SUNLITE,96.00000000000001,2.079213352957865
"SUNPHARMA, ABCAPITAL, BANKBARODA, SUNLITE, MWL",SUNPHARMA,1.0000000000000342,1.2629216376358297
"SUNPHARMA, ABCAPITAL, BANKBARODA, SUNLITE, MWL",ABCAPITAL,1.0000000000000009,1.2629216376358297
"SUNPHARMA, ABCAPITAL, BANKBARODA, SUNLITE, MWL",BANKBARODA,1.0000000000000009,1.2629216376358297
"SUNPHARMA, ABCAPITAL, BANKBARODA, SUNLITE, MWL",SUNLITE,95.99999999999996,1.2629216376358297
"SUNPHARMA, ABCAPITAL, BANKBARODA, SUNLITE, MWL",MWL,1.0000000000000453,1.2629216376358297
"SUNPHARMA, ABCAPITAL, BANKBARODA, SUNLITE, BIOCON",SUNPHARMA,1.0000000000000027,2.125012183325074
"SUNPHARMA, ABCAPITAL, BANKBARODA, SUNLITE, BIOCON",ABCAPITAL,1.0000000000000064,2.125012183325074
"SUNPHARMA, ABCAPITAL, BANKBARODA, SUNLITE, BIOCON",BANKBARODA,1.0000000000000002,2.125012183325074
"SUNPHARMA, ABCAPITAL, BANKBARODA, SUNLITE, BIOCON",SUNLITE,95.99999999999999,2.125012183325074
"SUNPHARMA, ABCAPITAL, BANKBARODA, SUNLITE, BIOCON",BIOCON,1.0000000000000022,2.125012183325074
"SUNPHARMA, ABCAPITAL, UNIONBANK, CANBK, PRECWIRE",SUNPHARMA,1.0,1.218011500883829
"SUNPHARMA, ABCAPITAL, UNIONBANK, CANBK, PRECWIRE",ABCAPITAL,1.0,1.218011500883829
"SUNPHARMA, ABCAPITAL, UNIONBANK, CANBK, PRECWIRE",UNIONBANK,96.00000000000001,1.218011500883829
"SUNPHARMA, ABCAPITAL, UNIONBANK, CANBK, PRECWIRE",CANBK,1.0000000000000009,1.218011500883829
"SUNPHARMA, ABCAPITAL, UNIONBANK, CANBK, PRECWIRE",PRECWIRE,1.0,1.218011500883829
"SUNPHARMA, ABCAPITAL, UNIONBANK, CANBK, SUNLITE",SUNPHARMA,1.0,2.0985882998976524
"SUNPHARMA, ABCAPITAL, UNIONBANK, CANBK, SUNLITE",ABCAPITAL,1.0,2.0985882998976524
"SUNPHARMA, ABCAPITAL, UNIONBANK, CANBK, SUNLITE",UNIONBANK,1.0000000000000508,2.0985882998976524
"SUNPHARMA, ABCAPITAL, UNIONBANK, CANBK, SUNLITE",CANBK,1.0000000000000029,2.0985882998976524
"SUNPHARMA, ABCAPITAL, UNIONBANK, CANBK, SUNLITE",SUNLITE,95.99999999999997,2.0985882998976524
"SUNPHARMA, ABCAPITAL, UNIONBANK, CANBK, BIOCON",SUNPHARMA,1.0,0.012447273786166706
"SUNPHARMA, ABCAPITAL, UNIONBANK, CANBK, BIOCON",ABCAPITAL,1.000000000000002,0.012447273786166706
"SUNPHARMA, ABCAPITAL, UNIONBANK, CANBK, BIOCON",UNIONBANK,15.751438709831072,0.012447273786166706
"SUNPHARMA, ABCAPITAL, UNIONBANK, CANBK, BIOCON",CANBK,1.0,0.012447273786166706
"SUNPHARMA, ABCAPITAL, UNIONBANK, CANBK, BIOCON",BIOCON,81.24856129016896,0.012447273786166706
"SUNPHARMA, ABCAPITAL, UNIONBANK, PRECWIRE, SUNLITE",SUNPHARMA,1.0,2.073395180069719
"SUNPHARMA, ABCAPITAL, UNIONBANK, PRECWIRE, SUNLITE",ABCAPITAL,1.0,2.073395180069719
"SUNPHARMA, ABCAPITAL, UNIONBANK, PRECWIRE, SUNLITE",UNIONBANK,0.9999999999999996,2.073395180069719
"SUNPHARMA, ABCAPITAL, UNIONBANK, PRECWIRE, SUNLITE",PRECWIRE,1.0000000000000269,2.073395180069719
"SUNPHARMA, ABCAPITAL, UNIONBANK, PRECWIRE, SUNLITE",SUNLITE,96.00000000000007,2.073395180069719
"SUNPHARMA, ABCAPITAL, UNIONBANK, SUNLITE, MWL",SUNPHARMA,1.0,1.2633007563860523
"SUNPHARMA, ABCAPITAL, UNIONBANK, SUNLITE, MWL",ABCAPITAL,1.0000000000000124,1.2633007563860523
"SUNPHARMA, ABCAPITAL, UNIONBANK, SUNLITE, MWL",UNIONBANK,1.0000000000000007,1.2633007563860523
"SUNPHARMA, ABCAPITAL, UNIONBANK, SUNLITE, MWL",SUNLITE,96.0,1.2633007563860523
"SUNPHARMA, ABCAPITAL, UNIONBANK, SUNLITE, MWL",MWL,1.000000000000009,1.2633007563860523
"SUNPHARMA, ABCAPITAL, UNIONBANK, SUNLITE, BIOCON",SUNPHARMA,1.0000000000000024,2.1192533562978273
"SUNPHARMA, ABCAPITAL, UNIONBANK, SUNLITE, BIOCON",ABCAPITAL,1.0,2.1192533562978273
"SUNPHARMA, ABCAPITAL, UNIONBANK, SUNLITE, BIOCON",UNIONBANK,1.0000000000000056,2.1192533562978273
"SUNPHARMA, ABCAPITAL, UNIONBANK, SUNLITE, BIOCON",SUNLITE,95.99999999999999,2.1192533562978273
"SUNPHARMA, ABCAPITAL, UNIONBANK, SUNLITE, BIOCON",BIOCON,1.0000000000000093,2.1192533562978273
"SUNPHARMA, ABCAPITAL, CANBK, PRECWIRE, SUNLITE",SUNPHARMA,1.0000000000000093,2.0685178290399104
"SUNPHARMA, ABCAPITAL, CANBK, PRECWIRE, SUNLITE",ABCAPITAL,1.0000000000000009,2.0685178290399104
"SUNPHARMA, ABCAPITAL, CANBK, PRECWIRE, SUNLITE",CANBK,1.0000000000000009,2.0685178290399104
"SUNPHARMA, ABCAPITAL, CANBK, PRECWIRE, SUNLITE",PRECWIRE,1.000000000000012,2.0685178290399104
"SUNPHARMA, ABCAPITAL, CANBK, PRECWIRE, SUNLITE",SUNLITE,96.0,2.0685178290399104
"SUNPHARMA, ABCAPITAL, CANBK, SUNLITE, MWL",SUNPHARMA,1.0000000000000009,1.2526534878155693
"SUNPHARMA, ABCAPITAL, CANBK, SUNLITE, MWL",ABCAPITAL,1.0000000000000009,1.2526534878155693
"SUNPHARMA, ABCAPITAL, CANBK, SUNLITE, MWL",CANBK,1.0000000000000258,1.2526534878155693
"SUNPHARMA, ABCAPITAL, CANBK, SUNLITE, MWL",SUNLITE,95.99999999999997,1.2526534878155693
"SUNPHARMA, ABCAPITAL, CANBK, SUNLITE, MWL",MWL,1.000000000000073,1.2526534878155693
"SUNPHARMA, ABCAPITAL, CANBK, SUNLITE, BIOCON",SUNPHARMA,1.0,2.11424516447488
"SUNPHARMA, ABCAPITAL, CANBK, SUNLITE, BIOCON",ABCAPITAL,1.0000000000000113,2.11424516447488
"SUNPHARMA, ABCAPITAL, CANBK, SUNLITE, BIOCON",CANBK,1.0,2.11424516447488
"SUNPHARMA, ABCAPITAL, CANBK, SUNLITE, BIOCON",SUNLITE,96.0,2.11424516447488
"SUNPHARMA, ABCAPITAL, CANBK, SUNLITE, BIOCON",BIOCON,1.0000000000000036,2.11424516447488
"SUNPHARMA, ABCAPITAL, PRECWIRE, SUNLITE, MWL",SUNPHARMA,1.0000000000000009,1.2130752282295396
"SUNPHARMA, ABCAPITAL, PRECWIRE, SUNLITE, MWL",ABCAPITAL,1.0000000000000397,1.2130752282295396
"SUNPHARMA, ABCAPITAL, PRECWIRE, SUNLITE, MWL",PRECWIRE,1.0000000000000397,1.2130752282295396
"SUNPHARMA, ABCAPITAL, PRECWIRE, SUNLITE, MWL",SUNLITE,95.99999999999996,1.2130752282295396
"SUNPHARMA, ABCAPITAL, PRECWIRE, SUNLITE, MWL",MWL,1.0000000000000009,1.2130752282295396
"SUNPHARMA, ABCAPITAL, PRECWIRE, SUNLITE, BIOCON",SUNPHARMA,1.0000000000000004,2.089051629293563
"SUNPHARMA, ABCAPITAL, PRECWIRE, SUNLITE, BIOCON",ABCAPITAL,1.0,2.089051629293563
"SUNPHARMA, ABCAPITAL, PRECWIRE, SUNLITE, BIOCON",PRECWIRE,1.0,2.089051629293563
"SUNPHARMA, ABCAPITAL, PRECWIRE, SUNLITE, BIOCON",SUNLITE,96.00000000000001,2.089051629293563
"SUNPHARMA, ABCAPITAL, PRECWIRE, SUNLITE, BIOCON",BIOCON,1.0000000000000009,2.089051629293563
"SUNPHARMA, ABCAPITAL, SUNLITE, MWL, BIOCON",SUNPHARMA,1.0000000000000147,1.2622181535496748
"SUNPHARMA, ABCAPITAL, SUNLITE, MWL, BIOCON",ABCAPITAL,1.0000000000000009,1.2622181535496748
"SUNPHARMA, ABCAPITAL, SUNLITE, MWL, BIOCON",SUNLITE,96.00000000000001,1.2622181535496748
"SUNPHARMA, ABCAPITAL, SUNLITE, MWL, BIOCON",MWL,1.000000000000062,1.2622181535496748
"SUNPHARMA, ABCAPITAL, SUNLITE, MWL, BIOCON",BIOCON,1.0000000000000009,1.2622181535496748
"SUNPHARMA, BANKBARODA, UNIONBANK, CANBK, PRECWIRE",SUNPHARMA,1.0,1.2231381969130974
"SUNPHARMA, BANKBARODA, UNIONBANK, CANBK, PRECWIRE",BANKBARODA,1.000000000000023,1.2231381969130974
"SUNPHARMA, BANKBARODA, UNIONBANK, CANBK, PRECWIRE",UNIONBANK,96.0,1.2231381969130974
"SUNPHARMA, BANKBARODA, UNIONBANK, CANBK, PRECWIRE",CANBK,1.0000000000000009,1.2231381969130974
"SUNPHARMA, BANKBARODA, UNIONBANK, CANBK, PRECWIRE",PRECWIRE,1.0,1.2231381969130974
"SUNPHARMA, BANKBARODA, UNIONBANK, CANBK, SUNLITE",SUNPHARMA,1.0,2.1107492870851856
"SUNPHARMA, BANKBARODA, UNIONBANK, CANBK, SUNLITE",BANKBARODA,1.0000000000000002,2.1107492870851856
"SUNPHARMA, BANKBARODA, UNIONBANK, CANBK, SUNLITE",UNIONBANK,1.0000000000000064,2.1107492870851856
"SUNPHARMA, BANKBARODA, UNIONBANK, CANBK, SUNLITE",CANBK,1.0000000000000002,2.1107492870851856
"SUNPHARMA, BANKBARODA, UNIONBANK, CANBK, SUNLITE",SUNLITE,96.00000000000001,2.1107492870851856
"SUNPHARMA, BANKBARODA, UNIONBANK, CANBK, BIOCON",SUNPHARMA,1.0000000000000362,0.021998376662567858
"SUNPHARMA, BANKBARODA, UNIONBANK, CANBK, BIOCON",BANKBARODA,1.0,0.021998376662567858
"SUNPHARMA, BANKBARODA, UNIONBANK, CANBK, BIOCON",UNIONBANK,16.423781506242488,0.021998376662567858
"SUNPHARMA, BANKBARODA, UNIONBANK, CANBK, BIOCON",CANBK,1.0,0.021998376662567858
"SUNPHARMA, BANKBARODA, UNIONBANK, CANBK, BIOCON",BIOCON,80.5762184937575,0.021998376662567858
"SUNPHARMA, BANKBARODA, UNIONBANK, PRECWIRE, SUNLITE",SUNPHARMA,1.0000000000000016,2.0854714939954446
"SUNPHARMA, BANKBARODA, UNIONBANK, PRECWIRE, SUNLITE",BANKBARODA,1.0000000000000138,2.0854714939954446
"SUNPHARMA, BANKBARODA, UNIONBANK, PRECWIRE, SUNLITE",UNIONBANK,1.0,2.0854714939954446
"SUNPHARMA, BANKBARODA, UNIONBANK, PRECWIRE, SUNLITE",PRECWIRE,1.000000000000006,2.0854714939954446
"SUNPHARMA, BANKBARODA, UNIONBANK, PRECWIRE, SUNLITE",SUNLITE,95.99999999999999,2.0854714939954446
"SUNPHARMA, BANKBARODA, UNIONBANK, SUNLITE, MWL",SUNPHARMA,1.0000000000000058,1.28459390805431
"SUNPHARMA, BANKBARODA, UNIONBANK, SUNLITE, MWL",BANKBARODA,1.0,1.28459390805431
"SUNPHARMA, BANKBARODA, UNIONBANK, SUNLITE, MWL",UNIONBANK,1.0000000000000036,1.28459390805431
"SUNPHARMA, BANKBARODA, UNIONBANK, SUNLITE, MWL",SUNLITE,96.0,1.28459390805431
"SUNPHARMA, BANKBARODA, UNIONBANK, SUNLITE, MWL",MWL,1.0000000000000064,1.28459390805431
"SUNPHARMA, BANKBARODA, UNIONBANK, SUNLITE, BIOCON",SUNPHARMA,1.0000000000000029,2.131487836408876
"SUNPHARMA, BANKBARODA, UNIONBANK, SUNLITE, BIOCON",BANKBARODA,1.0,2.131487836408876
"SUNPHARMA, BANKBARODA, UNIONBANK, SUNLITE, BIOCON",UNIONBANK,1.0,2.131487836408876
"SUNPHARMA, BANKBARODA, UNIONBANK, SUNLITE, BIOCON",SUNLITE,96.0,2.131487836408876
"SUNPHARMA, BANKBARODA, UNIONBANK, SUNLITE, BIOCON",BIOCON,1.0000000000000064,2.131487836408876
"SUNPHARMA, BANKBARODA, CANBK, PRECWIRE, SUNLITE",SUNPHARMA,1.0,2.080524502872157
"SUNPHARMA, BANKBARODA, CANBK, PRECWIRE, SUNLITE",BANKBARODA,1.0000000000000009,2.080524502872157
"SUNPHARMA, BANKBARODA, CANBK, PRECWIRE, SUNLITE",CANBK,1.000000000000003,2.080524502872157
"SUNPHARMA, BANKBARODA, CANBK, PRECWIRE, SUNLITE",PRECWIRE,1.000000000000001,2.080524502872157
"SUNPHARMA, BANKBARODA, CANBK, PRECWIRE, SUNLITE",SUNLITE,96.0,2.080524502872157
"SUNPHARMA, BANKBARODA, CANBK, SUNLITE, MWL",SUNPHARMA,1.0,1.2738821523454589
"SUNPHARMA, BANKBARODA, CANBK, SUNLITE, MWL",BANKBARODA,1.0000000000000002,1.2738821523454589
"SUNPHARMA, BANKBARODA, CANBK, SUNLITE, MWL",CANBK,1.0,1.2738821523454589
"SUNPHARMA, BANKBARODA, CANBK, SUNLITE, MWL",SUNLITE,96.0,1.2738821523454589
"SUNPHARMA, BANKBARODA, CANBK, SUNLITE, MWL",MWL,1.0000000000000164,1.2738821523454589
"SUNPHARMA, BANKBARODA, CANBK, SUNLITE, BIOCON",SUNPHARMA,1.000000000000003,2.126410032267673
"SUNPHARMA, BANKBARODA, CANBK, SUNLITE, BIOCON",BANKBARODA,1.0,2.126410032267673
"SUNPHARMA, BANKBARODA, CANBK, SUNLITE, BIOCON",CANBK,1.0000000000000036,2.126410032267673
"SUNPHARMA, BANKBARODA, CANBK, SUNLITE, BIOCON",SUNLITE,96.00000000000003,2.126410032267673
"SUNPHARMA, BANKBARODA, CANBK, SUNLITE, BIOCON",BIOCON,0.9999999999999996,2.126410032267673
"SUNPHARMA, BANKBARODA, PRECWIRE, SUNLITE, MWL",SUNPHARMA,1.0000000000000009,1.2342081891361247
"SUNPHARMA, BANKBARODA, PRECWIRE, SUNLITE, MWL",BANKBARODA,1.0000000000000009,1.2342081891361247
"SUNPHARMA, BANKBARODA, PRECWIRE, SUNLITE, MWL",PRECWIRE,1.0000000000000286,1.2342081891361247
"SUNPHARMA, BANKBARODA, PRECWIRE, SUNLITE, MWL",SUNLITE,95.99999999999993,1.2342081891361247
"SUNPHARMA, BANKBARODA, PRECWIRE, SUNLITE, MWL",MWL,1.0000000000000981,1.2342081891361247
"SUNPHARMA, BANKBARODA, PRECWIRE, SUNLITE, BIOCON",SUNPHARMA,1.0000000000000024,2.1011318223516744
"SUNPHARMA, BANKBARODA, PRECWIRE, SUNLITE, BIOCON",BANKBARODA,1.0000000000000164,2.1011318223516744
"SUNPHARMA, BANKBARODA, PRECWIRE, SUNLITE, BIOCON",PRECWIRE,1.0,2.1011318223516744
"SUNPHARMA, BANKBARODA, PRECWIRE, SUNLITE, BIOCON",SUNLITE,95.99999999999999,2.1011318223516744
"SUNPHARMA, BANKBARODA, PRECWIRE, SUNLITE, BIOCON",BIOCON,0.9999999999999996,2.1011318223516744
"SUNPHARMA, BANKBARODA, SUNLITE, MWL, BIOCON",SUNPHARMA,1.0,1.283519701883825
"SUNPHARMA, BANKBARODA, SUNLITE, MWL, BIOCON",BANKBARODA,1.0000000000000002,1.283519701883825
"SUNPHARMA, BANKBARODA, SUNLITE, MWL, BIOCON",SUNLITE,96.0,1.283519701883825
"SUNPHARMA, BANKBARODA, SUNLITE, MWL, BIOCON",MWL,1.000000000000013,1.283519701883825
"SUNPHARMA, BANKBARODA, SUNLITE, MWL, BIOCON",BIOCON,1.0000000000000038,1.283519701883825
"SUNPHARMA, UNIONBANK, CANBK, PRECWIRE, SUNLITE",SUNPHARMA,1.000000000000013,2.074697336523351
"SUNPHARMA, UNIONBANK, CANBK, PRECWIRE, SUNLITE",UNIONBANK,0.9999999999999996,2.074697336523351
"SUNPHARMA, UNIONBANK, CANBK, PRECWIRE, SUNLITE",CANBK,1.0,2.074697336523351
"SUNPHARMA, UNIONBANK, CANBK, PRECWIRE, SUNLITE",PRECWIRE,1.0000000000000129,2.074697336523351
"SUNPHARMA, UNIONBANK, CANBK, PRECWIRE, SUNLITE",SUNLITE,96.00000000000004,2.074697336523351
"SUNPHARMA, UNIONBANK, CANBK, SUNLITE, MWL",SUNPHARMA,1.000000000000005,1.2742695104700255
"SUNPHARMA, UNIONBANK, CANBK, SUNLITE, MWL",UNIONBANK,1.0000000000000064,1.2742695104700255
"SUNPHARMA, UNIONBANK, CANBK, SUNLITE, MWL",CANBK,1.0000000000000016,1.2742695104700255
"SUNPHARMA, UNIONBANK, CANBK, SUNLITE, MWL",SUNLITE,96.0,1.2742695104700255
"SUNPHARMA, UNIONBANK, CANBK, SUNLITE, MWL",MWL,1.0000000000000016,1.2742695104700255
"SUNPHARMA, UNIONBANK, CANBK, SUNLITE, BIOCON",SUNPHARMA,1.0,2.120642135148563
"SUNPHARMA, UNIONBANK, CANBK, SUNLITE, BIOCON",UNIONBANK,1.0000000000000036,2.120642135148563
"SUNPHARMA, UNIONBANK, CANBK, SUNLITE, BIOCON",CANBK,1.0000000000000007,2.120642135148563
"SUNPHARMA, UNIONBANK, CANBK, SUNLITE, BIOCON",SUNLITE,95.99999999999999,2.120642135148563
"SUNPHARMA, UNIONBANK, CANBK, SUNLITE, BIOCON",BIOCON,1.0000000000000093,2.120642135148563
"SUNPHARMA, UNIONBANK, PRECWIRE, SUNLITE, MWL",SUNPHARMA,1.0,1.2345708059868252
"SUNPHARMA, UNIONBANK, PRECWIRE, SUNLITE, MWL",UNIONBANK,1.0000000000000147,1.2345708059868252
"SUNPHARMA, UNIONBANK, PRECWIRE, SUNLITE, MWL",PRECWIRE,1.000000000000006,1.2345708059868252
"SUNPHARMA, UNIONBANK, PRECWIRE, SUNLITE, MWL",SUNLITE,95.99999999999997,1.2345708059868252
"SUNPHARMA, UNIONBANK, PRECWIRE, SUNLITE, MWL",MWL,1.0,1.2345708059868252
"SUNPHARMA, UNIONBANK, PRECWIRE, SUNLITE, BIOCON",SUNPHARMA,1.0,2.095357552929709
"SUNPHARMA, UNIONBANK, PRECWIRE, SUNLITE, BIOCON",UNIONBANK,1.0000000000000115,2.095357552929709
"SUNPHARMA, UNIONBANK, PRECWIRE, SUNLITE, BIOCON",PRECWIRE,1.0,2.095357552929709
"SUNPHARMA, UNIONBANK, PRECWIRE, SUNLITE, BIOCON",SUNLITE,95.99999999999997,2.095357552929709
"SUNPHARMA, UNIONBANK, PRECWIRE, SUNLITE, BIOCON",BIOCON,1.0000000000000286,2.095357552929709
"SUNPHARMA, UNIONBANK, SUNLITE, MWL, BIOCON",SUNPHARMA,1.0,1.2839401797652048
"SUNPHARMA, UNIONBANK, SUNLITE, MWL, BIOCON",UNIONBANK,1.0000000000000002,1.2839401797652048
"SUNPHARMA, UNIONBANK, SUNLITE, MWL, BIOCON",SUNLITE,96.00000000000001,1.2839401797652048
"SUNPHARMA, UNIONBANK, SUNLITE, MWL, BIOCON",MWL,1.00000000000001,1.2839401797652048
"SUNPHARMA, UNIONBANK, SUNLITE, MWL, BIOCON",BIOCON,1.0,1.2839401797652048
"SUNPHARMA, CANBK, PRECWIRE, SUNLITE, MWL",SUNPHARMA,1.0000000000000009,1.2239424682798206
"SUNPHARMA, CANBK, PRECWIRE, SUNLITE, MWL",CANBK,1.0000000000000009,1.2239424682798206
"SUNPHARMA, CANBK, PRECWIRE, SUNLITE, MWL",PRECWIRE,1.000000000000023,1.2239424682798206
"SUNPHARMA, CANBK, PRECWIRE, SUNLITE, MWL",SUNLITE,96.00000000000001,1.2239424682798206
"SUNPHARMA, CANBK, PRECWIRE, SUNLITE, MWL",MWL,1.0000000000000258,1.2239424682798206
"SUNPHARMA, CANBK, PRECWIRE, SUNLITE, BIOCON",SUNPHARMA,1.000000000000001,2.090375161339995
"SUNPHARMA, CANBK, PRECWIRE, SUNLITE, BIOCON",CANBK,1.0,2.090375161339995
"SUNPHARMA, CANBK, PRECWIRE, SUNLITE, BIOCON",PRECWIRE,1.0,2.090375161339995
"SUNPHARMA, CANBK, PRECWIRE, SUNLITE, BIOCON",SUNLITE,96.0,2.090375161339995
"SUNPHARMA, CANBK, PRECWIRE, SUNLITE, BIOCON",BIOCON,1.0000000000000369,2.090375161339995
"SUNPHARMA, CANBK, SUNLITE, MWL, BIOCON",SUNPHARMA,1.0,1.2732046186427834
"SUNPHARMA, CANBK, SUNLITE, MWL, BIOCON",CANBK,1.0,1.2732046186427834
"SUNPHARMA, CANBK, SUNLITE, MWL, BIOCON",SUNLITE,96.00000000000001,1.2732046186427834
"SUNPHARMA, CANBK, SUNLITE, MWL, BIOCON",MWL,1.0000000000000115,1.2732046186427834
"SUNPHARMA, CANBK, SUNLITE, MWL, BIOCON",BIOCON,1.0,1.2732046186427834
"SUNPHARMA, PRECWIRE, SUNLITE, MWL, BIOCON",SUNPHARMA,1.0000000000000155,1.233501821835057
"SUNPHARMA, PRECWIRE, SUNLITE, MWL, BIOCON",PRECWIRE,1.0,1.233501821835057
"SUNPHARMA, PRECWIRE, SUNLITE, MWL, BIOCON",SUNLITE,95.99999999999999,1.233501821835057
"SUNPHARMA, PRECWIRE, SUNLITE, MWL, BIOCON",MWL,1.0000000000000147,1.233501821835057
"SUNPHARMA, PRECWIRE, SUNLITE, MWL, BIOCON",BIOCON,1.0000000000000016,1.233501821835057
"ABCAPITAL, BANKBARODA, UNIONBANK, CANBK, PRECWIRE",ABCAPITAL,1.0,1.2607778613423648
"ABCAPITAL, BANKBARODA, UNIONBANK, CANBK, PRECWIRE",BANKBARODA,1.0000000000000147,1.2607778613423648
"ABCAPITAL, BANKBARODA, UNIONBANK, CANBK, PRECWIRE",UNIONBANK,96.0,1.2607778613423648
"ABCAPITAL, BANKBARODA, UNIONBANK, CANBK, PRECWIRE",CANBK,1.000000000000012,1.2607778613423648
"ABCAPITAL, BANKBARODA, UNIONBANK, CANBK, PRECWIRE",PRECWIRE,1.0000000000000036,1.2607778613423648
"ABCAPITAL, BANKBARODA, UNIONBANK, CANBK, SUNLITE",ABCAPITAL,1.0,2.095804600879407
"ABCAPITAL, BANKBARODA, UNIONBANK, CANBK, SUNLITE",BANKBARODA,1.0000000000000175,2.095804600879407
"ABCAPITAL, BANKBARODA, UNIONBANK, CANBK, SUNLITE",UNIONBANK,1.00000000000002,2.095804600879407
"ABCAPITAL, BANKBARODA, UNIONBANK, CANBK, SUNLITE",CANBK,1.0,2.095804600879407
"ABCAPITAL, BANKBARODA, UNIONBANK, CANBK, SUNLITE",SUNLITE,96.0,2.095804600879407
"ABCAPITAL, BANKBARODA, UNIONBANK, CANBK, BIOCON",ABCAPITAL,1.0,0.05248756831044381
"ABCAPITAL, BANKBARODA, UNIONBANK, CANBK, BIOCON",BANKBARODA,1.0000000000000193,0.05248756831044381
"ABCAPITAL, BANKBARODA, UNIONBANK, CANBK, BIOCON",UNIONBANK,17.342282753169535,0.05248756831044381
"ABCAPITAL, BANKBARODA, UNIONBANK, CANBK, BIOCON",CANBK,1.0000000000000606,0.05248756831044381
"ABCAPITAL, BANKBARODA, UNIONBANK, CANBK, BIOCON",BIOCON,79.65771724683042,0.05248756831044381
"ABCAPITAL, BANKBARODA, UNIONBANK, PRECWIRE, SUNLITE",ABCAPITAL,1.0,2.070583352260809
"ABCAPITAL, BANKBARODA, UNIONBANK, PRECWIRE, SUNLITE",BANKBARODA,1.0000000000000167,2.070583352260809
"ABCAPITAL, BANKBARODA, UNIONBANK, PRECWIRE, SUNLITE",UNIONBANK,1.0000000000000104,2.070583352260809
"ABCAPITAL, BANKBARODA, UNIONBANK, PRECWIRE, SUNLITE",PRECWIRE,1.0,2.070583352260809
"ABCAPITAL, BANKBARODA, UNIONBANK, PRECWIRE, SUNLITE",SUNLITE,96.00000000000001,2.070583352260809
"ABCAPITAL, BANKBARODA, UNIONBANK, PRECWIRE, BIOCON",ABCAPITAL,1.000000000000006,0.011752354414502699
"ABCAPITAL, BANKBARODA, UNIONBANK, PRECWIRE, BIOCON",BANKBARODA,1.0000000000001246,0.011752354414502699
"ABCAPITAL, BANKBARODA, UNIONBANK, PRECWIRE, BIOCON",UNIONBANK,15.099621671367291,0.011752354414502699
"ABCAPITAL, BANKBARODA, UNIONBANK, PRECWIRE, BIOCON",PRECWIRE,1.0,0.011752354414502699
"ABCAPITAL, BANKBARODA, UNIONBANK, PRECWIRE, BIOCON",BIOCON,81.90037832863258,0.011752354414502699
"ABCAPITAL, BANKBARODA, UNIONBANK, SUNLITE, MWL",ABCAPITAL,1.0000000000000129,1.2692120254259864
"ABCAPITAL, BANKBARODA, UNIONBANK, SUNLITE, MWL",BANKBARODA,1.0,1.2692120254259864
"ABCAPITAL, BANKBARODA, UNIONBANK, SUNLITE, MWL",UNIONBANK,0.9999999999999996,1.2692120254259864
"ABCAPITAL, BANKBARODA, UNIONBANK, SUNLITE, MWL",SUNLITE,96.00000000000001,1.2692120254259864
"ABCAPITAL, BANKBARODA, UNIONBANK, SUNLITE, MWL",MWL,1.0,1.2692120254259864
"ABCAPITAL, BANKBARODA, UNIONBANK, SUNLITE, BIOCON",ABCAPITAL,1.0,2.116502152810072
"ABCAPITAL, BANKBARODA, UNIONBANK, SUNLITE, BIOCON",BANKBARODA,1.0000000000000069,2.116502152810072
"ABCAPITAL, BANKBARODA, UNIONBANK, SUNLITE, BIOCON",UNIONBANK,1.0000000000000053,2.116502152810072
"ABCAPITAL, BANKBARODA, UNIONBANK, SUNLITE, BIOCON",SUNLITE,96.0,2.116502152810072
"ABCAPITAL, BANKBARODA, UNIONBANK, SUNLITE, BIOCON",BIOCON,0.9999999999999996,2.116502152810072
"ABCAPITAL, BANKBARODA, CANBK, PRECWIRE, SUNLITE",ABCAPITAL,1.0,2.065703987455301
"ABCAPITAL, BANKBARODA, CANBK, PRECWIRE, SUNLITE",BANKBARODA,1.000000000000023,2.065703987455301
"ABCAPITAL, BANKBARODA, CANBK, PRECWIRE, SUNLITE",CANBK,1.0,2.065703987455301
"ABCAPITAL, BANKBARODA, CANBK, PRECWIRE, SUNLITE",PRECWIRE,1.0,2.065703987455301
"ABCAPITAL, BANKBARODA, CANBK, PRECWIRE, SUNLITE",SUNLITE,96.0,2.065703987455301
"ABCAPITAL, BANKBARODA, CANBK, SUNLITE, MWL",ABCAPITAL,1.0,1.2585515150786653
"ABCAPITAL, BANKBARODA, CANBK, SUNLITE, MWL",BANKBARODA,1.0000000000000346,1.2585515150786653
"ABCAPITAL, BANKBARODA, CANBK, SUNLITE, MWL",CANBK,1.0,1.2585515150786653
"ABCAPITAL, BANKBARODA, CANBK, SUNLITE, MWL",SUNLITE,95.99999999999999,1.2585515150786653
"ABCAPITAL, BANKBARODA, CANBK, SUNLITE, MWL",MWL,1.0,1.2585515150786653
"ABCAPITAL, BANKBARODA, CANBK, SUNLITE, BIOCON",ABCAPITAL,1.0,2.1114920126358756
"ABCAPITAL, BANKBARODA, CANBK, SUNLITE, BIOCON",BANKBARODA,1.000000000000018,2.1114920126358756
"ABCAPITAL, BANKBARODA, CANBK, SUNLITE, BIOCON",CANBK,1.0,2.1114920126358756
"ABCAPITAL, BANKBARODA, CANBK, SUNLITE, BIOCON",SUNLITE,95.99999999999997,2.1114920126358756
"ABCAPITAL, BANKBARODA, CANBK, SUNLITE, BIOCON",BIOCON,1.0000000000000127,2.1114920126358756
"ABCAPITAL, BANKBARODA, PRECWIRE, SUNLITE, MWL",ABCAPITAL,1.0000000000000242,1.2189479931536704
"ABCAPITAL, BANKBARODA, PRECWIRE, SUNLITE, MWL",BANKBARODA,1.0000000000000002,1.2189479931536704
"ABCAPITAL, BANKBARODA, PRECWIRE, SUNLITE, MWL",PRECWIRE,1.0,1.2189479931536704
"ABCAPITAL, BANKBARODA, PRECWIRE, SUNLITE, MWL",SUNLITE,95.99999999999999,1.2189479931536704
"ABCAPITAL, BANKBARODA, PRECWIRE, SUNLITE, MWL",MWL,1.0000000000000258,1.2189479931536704
"ABCAPITAL, BANKBARODA, PRECWIRE, SUNLITE, BIOCON",ABCAPITAL,1.0000000000000162,2.086270346266246
"ABCAPITAL, BANKBARODA, PRECWIRE, SUNLITE, BIOCON",BANKBARODA,1.0,2.086270346266246
"ABCAPITAL, BANKBARODA, PRECWIRE, SUNLITE, BIOCON",PRECWIRE,1.0,2.086270346266246
"ABCAPITAL, BANKBARODA, PRECWIRE, SUNLITE, BIOCON",SUNLITE,96.00000000000001,2.086270346266246
"ABCAPITAL, BANKBARODA, PRECWIRE, SUNLITE, BIOCON",BIOCON,0.9999999999999996,2.086270346266246
"ABCAPITAL, BANKBARODA, SUNLITE, MWL, BIOCON",ABCAPITAL,1.0,1.2681628143741166
"ABCAPITAL, BANKBARODA, SUNLITE, MWL, BIOCON",BANKBARODA,0.9999999999999996,1.2681628143741166
"ABCAPITAL, BANKBARODA, SUNLITE, MWL, BIOCON",SUNLITE,96.00000000000001,1.2681628143741166
"ABCAPITAL, BANKBARODA, SUNLITE, MWL, BIOCON",MWL,1.0000000000000095,1.2681628143741166
"ABCAPITAL, BANKBARODA, SUNLITE, MWL, BIOCON",BIOCON,1.0,1.2681628143741166
"ABCAPITAL, UNIONBANK, CANBK, PRECWIRE, SUNLITE",ABCAPITAL,1.0000000000000075,2.059864305525533
"ABCAPITAL, UNIONBANK, CANBK, PRECWIRE, SUNLITE",UNIONBANK,1.0000000000000204,2.059864305525533
"ABCAPITAL, UNIONBANK, CANBK, PRECWIRE, SUNLITE",CANBK,1.0,2.059864305525533
"ABCAPITAL, UNIONBANK, CANBK, PRECWIRE, SUNLITE",PRECWIRE,1.0000000000000049,2.059864305525533
"ABCAPITAL, UNIONBANK, CANBK, PRECWIRE, SUNLITE",SUNLITE,96.0,2.059864305525533
"ABCAPITAL, UNIONBANK, CANBK, PRECWIRE, BIOCON",ABCAPITAL,1.0000000000000686,0.015439358896376536
"ABCAPITAL, UNIONBANK, CANBK, PRECWIRE, BIOCON",UNIONBANK,15.297913782212403,0.015439358896376536
"ABCAPITAL, UNIONBANK, CANBK, PRECWIRE, BIOCON",CANBK,1.0000000000001688,0.015439358896376536
"ABCAPITAL, UNIONBANK, CANBK, PRECWIRE, BIOCON",PRECWIRE,1.0000000000001386,0.015439358896376536
"ABCAPITAL, UNIONBANK, CANBK, PRECWIRE, BIOCON",BIOCON,81.70208621778721,0.015439358896376536
"ABCAPITAL, UNIONBANK, CANBK, SUNLITE, MWL",ABCAPITAL,1.0,1.25893452809673
"ABCAPITAL, UNIONBANK, CANBK, SUNLITE, MWL",UNIONBANK,1.0000000000000175,1.25893452809673
"ABCAPITAL, UNIONBANK, CANBK, SUNLITE, MWL",CANBK,1.0000000000000069,1.25893452809673
"ABCAPITAL, UNIONBANK, CANBK, SUNLITE, MWL",SUNLITE,96.0,1.25893452809673
"ABCAPITAL, UNIONBANK, CANBK, SUNLITE, MWL",MWL,1.0,1.25893452809673
"ABCAPITAL, UNIONBANK, CANBK, SUNLITE, BIOCON",ABCAPITAL,1.0,2.1057116390124015
"ABCAPITAL, UNIONBANK, CANBK, SUNLITE, BIOCON",UNIONBANK,1.0000000000000084,2.1057116390124015
"ABCAPITAL, UNIONBANK, CANBK, SUNLITE, BIOCON",CANBK,1.0000000000000036,2.1057116390124015
"ABCAPITAL, UNIONBANK, CANBK, SUNLITE, BIOCON",SUNLITE,95.99999999999997,2.1057116390124015
"ABCAPITAL, UNIONBANK, CANBK, SUNLITE, BIOCON",BIOCON,1.0000000000000204,2.1057116390124015
"ABCAPITAL, UNIONBANK, PRECWIRE, SUNLITE, MWL",ABCAPITAL,1.0000000000000075,1.2193062004491217
"ABCAPITAL, UNIONBANK, PRECWIRE, SUNLITE, MWL",UNIONBANK,1.0000000000001008,1.2193062004491217
"ABCAPITAL, UNIONBANK, PRECWIRE, SUNLITE, MWL",PRECWIRE,1.0000000000000002,1.2193062004491217
"ABCAPITAL, UNIONBANK, PRECWIRE, SUNLITE, MWL",SUNLITE,95.99999999999993,1.2193062004491217
"ABCAPITAL, UNIONBANK, PRECWIRE, SUNLITE, MWL",MWL,1.0,1.2193062004491217
"ABCAPITAL, UNIONBANK, PRECWIRE, SUNLITE, BIOCON",ABCAPITAL,1.0,2.0804835460853655
"ABCAPITAL, UNIONBANK, PRECWIRE, SUNLITE, BIOCON",UNIONBANK,1.0000000000000056,2.0804835460853655
"ABCAPITAL, UNIONBANK, PRECWIRE, SUNLITE, BIOCON",PRECWIRE,1.0000000000000013,2.0804835460853655
"ABCAPITAL, UNIONBANK, PRECWIRE, SUNLITE, BIOCON",SUNLITE,95.99999999999997,2.0804835460853655
"ABCAPITAL, UNIONBANK, PRECWIRE, SUNLITE, BIOCON",BIOCON,1.0000000000000093,2.0804835460853655
"ABCAPITAL, UNIONBANK, SUNLITE, MWL, BIOCON",ABCAPITAL,1.0000000000000075,1.2685789469751554
"ABCAPITAL, UNIONBANK, SUNLITE, MWL, BIOCON",UNIONBANK,0.9999999999999996,1.2685789469751554
"ABCAPITAL, UNIONBANK, SUNLITE, MWL, BIOCON",SUNLITE,96.00000000000001,1.2685789469751554
"ABCAPITAL, UNIONBANK, SUNLITE, MWL, BIOCON",MWL,1.0,1.2685789469751554
"ABCAPITAL, UNIONBANK, SUNLITE, MWL, BIOCON",BIOCON,1.0,1.2685789469751554
"ABCAPITAL, CANBK, PRECWIRE, SUNLITE, MWL",ABCAPITAL,1.0000000000000009,1.208729151428517
"ABCAPITAL, CANBK, PRECWIRE, SUNLITE, MWL",CANBK,1.0000000000000175,1.208729151428517
"ABCAPITAL, CANBK, PRECWIRE, SUNLITE, MWL",PRECWIRE,1.0000000000000009,1.208729151428517
"ABCAPITAL, CANBK, PRECWIRE, SUNLITE, MWL",SUNLITE,96.00000000000004,1.208729151428517
"ABCAPITAL, CANBK, PRECWIRE, SUNLITE, MWL",MWL,1.0000000000000009,1.208729151428517
"ABCAPITAL, CANBK, PRECWIRE, SUNLITE, BIOCON",ABCAPITAL,1.0000000000000124,2.075568796630456
"ABCAPITAL, CANBK, PRECWIRE, SUNLITE, BIOCON",CANBK,1.000000000000018,2.075568796630456
"ABCAPITAL, CANBK, PRECWIRE, SUNLITE, BIOCON",PRECWIRE,1.0,2.075568796630456
"ABCAPITAL, CANBK, PRECWIRE, SUNLITE, BIOCON",SUNLITE,95.99999999999996,2.075568796630456
"ABCAPITAL, CANBK, PRECWIRE, SUNLITE, BIOCON",BIOCON,1.0000000000000175,2.075568796630456
"ABCAPITAL, CANBK, SUNLITE, MWL, BIOCON",ABCAPITAL,1.0000000000000118,1.2578946369902164
"ABCAPITAL, CANBK, SUNLITE, MWL, BIOCON",CANBK,1.000000000000007,1.2578946369902164
"ABCAPITAL, CANBK, SUNLITE, MWL, BIOCON",SUNLITE,96.0,1.2578946369902164
"ABCAPITAL, CANBK, SUNLITE, MWL, BIOCON",MWL,1.0,1.2578946369902164
"ABCAPITAL, CANBK, SUNLITE, MWL, BIOCON",BIOCON,1.0000000000000002,1.2578946369902164
"ABCAPITAL, PRECWIRE, SUNLITE, MWL, BIOCON",ABCAPITAL,1.0,1.218262234212808
"ABCAPITAL, PRECWIRE, SUNLITE, MWL, BIOCON",PRECWIRE,1.000000000000025,1.218262234212808
"ABCAPITAL, PRECWIRE, SUNLITE, MWL, BIOCON",SUNLITE,96.0,1.218262234212808
"ABCAPITAL, PRECWIRE, SUNLITE, MWL, BIOCON",MWL,1.0,1.218262234212808
"ABCAPITAL, PRECWIRE, SUNLITE, MWL, BIOCON",BIOCON,0.9999999999999996,1.218262234212808
"BANKBARODA, UNIONBANK, CANBK, PRECWIRE, SUNLITE",BANKBARODA,1.00000000000003,2.071859170920733
"BANKBARODA, UNIONBANK, CANBK, PRECWIRE, SUNLITE",UNIONBANK,1.0000000000000573,2.071859170920733
"BANKBARODA, UNIONBANK, CANBK, PRECWIRE, SUNLITE",CANBK,1.0,2.071859170920733
"BANKBARODA, UNIONBANK, CANBK, PRECWIRE, SUNLITE",PRECWIRE,1.0,2.071859170920733
"BANKBARODA, UNIONBANK, CANBK, PRECWIRE, SUNLITE",SUNLITE,95.99999999999996,2.071859170920733
"BANKBARODA, UNIONBANK, CANBK, PRECWIRE, BIOCON",BANKBARODA,1.0000000000001539,0.023010998725615597
"BANKBARODA, UNIONBANK, CANBK, PRECWIRE, BIOCON",UNIONBANK,15.689814600025024,0.023010998725615597
"BANKBARODA, UNIONBANK, CANBK, PRECWIRE, BIOCON",CANBK,1.0,0.023010998725615597
"BANKBARODA, UNIONBANK, CANBK, PRECWIRE, BIOCON",PRECWIRE,1.0,0.023010998725615597
"BANKBARODA, UNIONBANK, CANBK, PRECWIRE, BIOCON",BIOCON,81.31018539997496,0.023010998725615597
"BANKBARODA, UNIONBANK, CANBK, SUNLITE, MWL",BANKBARODA,1.0,1.2801516896983314
"BANKBARODA, UNIONBANK, CANBK, SUNLITE, MWL",UNIONBANK,1.0000000000000009,1.2801516896983314
"BANKBARODA, UNIONBANK, CANBK, SUNLITE, MWL",CANBK,1.0000000000000175,1.2801516896983314
"BANKBARODA, UNIONBANK, CANBK, SUNLITE, MWL",SUNLITE,96.00000000000001,1.2801516896983314
"BANKBARODA, UNIONBANK, CANBK, SUNLITE, MWL",MWL,1.0,1.2801516896983314
"BANKBARODA, UNIONBANK, CANBK, SUNLITE, BIOCON",BANKBARODA,1.0000000000000002,2.117864699158521
"BANKBARODA, UNIONBANK, CANBK, SUNLITE, BIOCON",UNIONBANK,1.0000000000000246,2.117864699158521
"BANKBARODA, UNIONBANK, CANBK, SUNLITE, BIOCON",CANBK,1.0,2.117864699158521
"BANKBARODA, UNIONBANK, CANBK, SUNLITE, BIOCON",SUNLITE,95.99999999999996,2.117864699158521
"BANKBARODA, UNIONBANK, CANBK, SUNLITE, BIOCON",BIOCON,1.000000000000012,2.117864699158521
"BANKBARODA, UNIONBANK, PRECWIRE, SUNLITE, MWL",BANKBARODA,1.0,1.2404276483156709
"BANKBARODA, UNIONBANK, PRECWIRE, SUNLITE, MWL",UNIONBANK,0.9999999999999996,1.2404276483156709
"BANKBARODA, UNIONBANK, PRECWIRE, SUNLITE, MWL",PRECWIRE,1.0000000000000207,1.2404276483156709
"BANKBARODA, UNIONBANK, PRECWIRE, SUNLITE, MWL",SUNLITE,96.00000000000006,1.2404276483156709
"BANKBARODA, UNIONBANK, PRECWIRE, SUNLITE, MWL",MWL,1.0000000000000053,1.2404276483156709
"BANKBARODA, UNIONBANK, PRECWIRE, SUNLITE, BIOCON",BANKBARODA,1.0,2.0925518893864443
"BANKBARODA, UNIONBANK, PRECWIRE, SUNLITE, BIOCON",UNIONBANK,1.0,2.0925518893864443
"BANKBARODA, UNIONBANK, PRECWIRE, SUNLITE, BIOCON",PRECWIRE,1.0000000000000315,2.0925518893864443
"BANKBARODA, UNIONBANK, PRECWIRE, SUNLITE, BIOCON",SUNLITE,96.00000000000014,2.0925518893864443
"BANKBARODA, UNIONBANK, PRECWIRE, SUNLITE, BIOCON",BIOCON,0.9999999999999996,2.0925518893864443
"BANKBARODA, UNIONBANK, SUNLITE, MWL, BIOCON",BANKBARODA,1.0000000000000182,1.2898689780961556
"BANKBARODA, UNIONBANK, SUNLITE, MWL, BIOCON",UNIONBANK,0.9999999999999996,1.2898689780961556
"BANKBARODA, UNIONBANK, SUNLITE, MWL, BIOCON",SUNLITE,95.99999999999997,1.2898689780961556
"BANKBARODA, UNIONBANK, SUNLITE, MWL, BIOCON",MWL,1.0,1.2898689780961556
"BANKBARODA, UNIONBANK, SUNLITE, MWL, BIOCON",BIOCON,1.0000000000000193,1.2898689780961556
"BANKBARODA, CANBK, PRECWIRE, SUNLITE, MWL",BANKBARODA,0.9999999999999996,1.2297860596364971
"BANKBARODA, CANBK, PRECWIRE, SUNLITE, MWL",CANBK,1.000000000000075,1.2297860596364971
"BANKBARODA, CANBK, PRECWIRE, SUNLITE, MWL",PRECWIRE,1.0000000000000044,1.2297860596364971
"BANKBARODA, CANBK, PRECWIRE, SUNLITE, MWL",SUNLITE,95.99999999999997,1.2297860596364971
"BANKBARODA, CANBK, PRECWIRE, SUNLITE, MWL",MWL,1.0,1.2297860596364971
"BANKBARODA, CANBK, PRECWIRE, SUNLITE, BIOCON",BANKBARODA,1.0,2.087567511182977
"BANKBARODA, CANBK, PRECWIRE, SUNLITE, BIOCON",CANBK,1.0,2.087567511182977
"BANKBARODA, CANBK, PRECWIRE, SUNLITE, BIOCON",PRECWIRE,1.0000000000000235,2.087567511182977
"BANKBARODA, CANBK, PRECWIRE, SUNLITE, BIOCON",SUNLITE,96.00000000000006,2.087567511182977
"BANKBARODA, CANBK, PRECWIRE, SUNLITE, BIOCON",BIOCON,0.9999999999999996,2.087567511182977
"BANKBARODA, CANBK, SUNLITE, MWL, BIOCON",BANKBARODA,1.0000000000000169,1.2791201833727692
"BANKBARODA, CANBK, SUNLITE, MWL, BIOCON",CANBK,1.0000000000000107,1.2791201833727692
"BANKBARODA, CANBK, SUNLITE, MWL, BIOCON",SUNLITE,95.99999999999999,1.2791201833727692
"BANKBARODA, CANBK, SUNLITE, MWL, BIOCON",MWL,1.0,1.2791201833727692
"BANKBARODA, CANBK, SUNLITE, MWL, BIOCON",BIOCON,1.0000000000000013,1.2791201833727692
"BANKBARODA, PRECWIRE, SUNLITE, MWL, BIOCON",BANKBARODA,1.0000000000000044,1.2393920351762158
"BANKBARODA, PRECWIRE, SUNLITE, MWL, BIOCON",PRECWIRE,1.0,1.2393920351762158
"BANKBARODA, PRECWIRE, SUNLITE, MWL, BIOCON",SUNLITE,96.00000000000001,1.2393920351762158
"BANKBARODA, PRECWIRE, SUNLITE, MWL, BIOCON",MWL,1.0,1.2393920351762158
"BANKBARODA, PRECWIRE, SUNLITE, MWL, BIOCON",BIOCON,1.0000000000000022,1.2393920351762158
"UNIONBANK, CANBK, PRECWIRE, SUNLITE, MWL",UNIONBANK,0.9999999999999996,1.2301525718986053
"UNIONBANK, CANBK, PRECWIRE, SUNLITE, MWL",CANBK,1.0,1.2301525718986053
"UNIONBANK, CANBK, PRECWIRE, SUNLITE, MWL",PRECWIRE,1.0000000000000118,1.2301525718986053
"UNIONBANK, CANBK, PRECWIRE, SUNLITE, MWL",SUNLITE,96.00000000000006,1.2301525718986053
"UNIONBANK, CANBK, PRECWIRE, SUNLITE, MWL",MWL,1.0000000000000069,1.2301525718986053
"UNIONBANK, CANBK, PRECWIRE, SUNLITE, BIOCON",UNIONBANK,1.0,2.0817717020110704
"UNIONBANK, CANBK, PRECWIRE, SUNLITE, BIOCON",CANBK,1.0,2.0817717020110704
"UNIONBANK, CANBK, PRECWIRE, SUNLITE, BIOCON",PRECWIRE,1.0000000000000497,2.0817717020110704
"UNIONBANK, CANBK, PRECWIRE, SUNLITE, BIOCON",SUNLITE,96.00000000000016,2.0817717020110704
"UNIONBANK, CANBK, PRECWIRE, SUNLITE, BIOCON",BIOCON,1.0000000000000009,2.0817717020110704
"UNIONBANK, CANBK, SUNLITE, MWL, BIOCON",UNIONBANK,1.000000000000023,1.2795445544430981
"UNIONBANK, CANBK, SUNLITE, MWL, BIOCON",CANBK,1.0,1.2795445544430981
"UNIONBANK, CANBK, SUNLITE, MWL, BIOCON",SUNLITE,95.99999999999999,1.2795445544430981
"UNIONBANK, CANBK, SUNLITE, MWL, BIOCON",MWL,1.0,1.2795445544430981
"UNIONBANK, CANBK, SUNLITE, MWL, BIOCON",BIOCON,1.0,1.2795445544430981
"UNIONBANK, PRECWIRE, SUNLITE, MWL, BIOCON",UNIONBANK,1.0000000000000258,1.2397917012678783
"UNIONBANK, PRECWIRE, SUNLITE, MWL, BIOCON",PRECWIRE,1.000000000000001,1.2397917012678783
"UNIONBANK, PRECWIRE, SUNLITE, MWL, BIOCON",SUNLITE,95.99999999999997,1.2397917012678783
"UNIONBANK, PRECWIRE, SUNLITE, MWL, BIOCON",MWL,1.0,1.2397917012678783
"UNIONBANK, PRECWIRE, SUNLITE, MWL, BIOCON",BIOCON,1.0000000000000042,1.2397917012678783
"CANBK, PRECWIRE, SUNLITE, MWL, BIOCON",CANBK,1.0,1.2291262757708108
"CANBK, PRECWIRE, SUNLITE, MWL, BIOCON",PRECWIRE,1.0000000000000488,1.2291262757708108
"CANBK, PRECWIRE, SUNLITE, MWL, BIOCON",SUNLITE,95.99999999999997,1.2291262757708108
"CANBK, PRECWIRE, SUNLITE, MWL, BIOCON",MWL,1.0,1.2291262757708108
"CANBK, PRECWIRE, SUNLITE, MWL, BIOCON",BIOCON,0.9999999999999996,1.2291262757708108
